balance_control,duracion_prestamo,historial_credito,proposito,monto,saldo_ahorro,longitud_empleo,tasa_instalacion,estado_personal,otros_deudores,residencia_hist,propiedad,edad,plan_instalacion,alojamiento,creditos_existentes,dependientes,telefono,trabajador_extranjero,trabajo,incumplimiento
1,6,4,8,1169,5,1,4,4,3,4,3,67,2,2,2,1,2,2,2,1
2,48,1,8,5951,1,3,2,2,3,2,3,22,2,2,1,1,1,2,2,2
4,12,4,5,2096,1,4,2,4,3,3,3,49,2,2,1,2,1,2,4,1
1,42,1,6,7882,1,4,2,4,2,4,1,45,2,1,1,2,1,2,2,1
1,24,5,2,4870,1,3,3,4,3,4,4,53,2,1,2,2,1,2,2,2
4,36,1,5,9055,5,3,2,4,3,4,4,35,2,1,1,2,2,2,4,1
4,24,1,6,2835,4,1,3,4,3,4,1,53,2,2,1,1,1,2,2,1
2,36,1,3,6948,1,3,2,4,3,2,2,35,2,3,1,1,2,2,1,1
4,12,1,8,3059,2,4,2,1,3,4,3,61,2,2,1,1,1,2,4,1
2,30,4,2,5234,1,5,4,3,3,2,2,28,2,2,2,1,1,2,1,2
2,12,1,2,1295,1,2,3,2,3,1,2,25,2,3,1,1,1,2,2,2
1,48,1,1,4308,1,2,3,2,3,4,1,24,2,3,1,1,1,2,2,2
2,12,1,8,1567,1,3,1,2,3,1,2,22,2,2,1,1,2,2,2,1
1,24,4,2,1199,1,1,4,4,3,4,2,60,2,2,2,1,1,2,4,2
1,15,1,2,1403,1,3,2,2,3,4,2,28,2,3,1,1,1,2,2,1
1,24,1,8,1282,3,3,4,2,3,2,2,32,2,2,1,1,1,2,4,2
4,24,4,8,2424,5,1,4,4,3,4,1,53,2,2,2,1,1,2,2,1
1,30,2,1,8072,5,2,2,4,3,3,2,25,1,2,3,1,1,2,2,1
2,24,1,3,12579,1,1,4,2,3,2,4,44,2,1,1,1,2,2,1,2
4,24,1,8,3430,4,1,3,4,3,2,2,31,2,2,1,2,2,2,2,1
4,9,4,2,2134,1,3,4,4,3,4,2,48,2,2,3,1,2,2,2,1
1,6,1,8,2647,4,3,2,4,3,3,3,44,2,3,1,2,1,2,2,1
1,10,4,2,2241,1,2,1,4,3,3,3,48,2,3,2,2,1,1,4,1
2,12,4,3,1804,3,2,3,4,3,4,1,44,2,2,1,1,1,2,2,1
4,10,4,6,2069,5,3,2,3,3,1,2,26,2,2,2,1,1,1,2,1
1,6,1,6,1374,1,3,1,4,3,2,3,36,1,2,1,1,2,2,4,1
4,6,2,8,426,1,1,4,3,3,4,2,39,2,2,1,1,1,2,4,1
3,12,3,8,409,2,3,3,2,3,3,3,42,2,3,2,1,1,2,2,1
2,7,1,8,2415,1,3,3,4,2,2,3,34,2,2,1,1,1,2,2,1
1,60,5,1,6836,1,1,3,4,3,4,4,63,2,2,2,1,2,2,2,2
2,18,1,1,1913,2,2,3,3,3,3,3,36,1,2,1,1,2,2,2,1
1,24,1,6,4020,1,3,2,4,3,2,2,27,3,2,1,1,1,2,2,1
2,18,1,2,5866,3,3,2,4,3,2,2,30,2,2,2,1,2,2,2,1
4,12,4,1,1264,5,1,4,4,3,4,4,57,2,3,1,1,1,2,4,1
3,12,1,6,1474,1,2,4,2,3,1,1,33,1,2,1,1,2,2,1,1
2,45,4,8,4746,1,2,4,4,3,2,1,25,2,2,2,1,1,2,4,2
4,48,4,5,6110,1,3,1,4,3,3,4,31,1,1,1,1,2,2,2,1
3,18,1,8,2100,1,3,4,4,1,2,3,37,3,2,1,1,1,2,2,2
3,10,1,4,1225,1,3,2,4,3,2,2,37,2,2,1,1,2,2,2,1
2,9,1,8,458,1,3,4,4,3,3,3,24,2,2,1,1,1,2,2,1
4,30,1,8,2333,4,1,4,4,3,2,2,30,1,2,1,1,1,2,1,1
2,12,1,8,1158,4,3,3,1,3,1,2,26,2,2,1,1,2,2,2,1
2,18,5,9,6204,1,3,2,4,3,4,3,44,2,2,1,2,2,2,4,1
1,30,4,3,6187,3,4,1,3,3,4,2,24,2,3,2,1,1,2,2,1
1,48,4,3,6143,1,1,4,2,3,4,4,58,3,1,2,1,1,2,4,2
4,11,4,2,1393,1,2,4,2,3,4,2,35,2,2,2,1,1,2,1,1
4,36,1,8,2299,4,1,4,4,3,4,2,39,2,2,1,1,1,2,2,1
1,6,1,3,1352,4,5,1,2,3,2,1,23,2,3,1,1,2,2,3,1
4,11,4,2,7228,1,3,1,4,3,4,1,39,2,2,2,1,1,2,4,1
4,12,1,8,2073,3,3,4,2,1,2,3,28,2,2,1,1,1,2,2,1
2,24,5,6,2333,5,2,4,4,3,2,1,29,1,2,1,1,1,2,4,1
2,27,5,3,5965,1,1,1,4,3,2,2,30,2,2,2,1,2,2,1,1
4,12,1,8,1262,1,3,3,4,3,2,2,25,2,2,1,1,1,2,2,1
4,18,1,3,3378,5,3,2,4,3,1,1,31,2,2,1,1,2,2,2,1
2,36,5,2,2225,1,1,4,4,3,4,4,57,1,1,2,1,2,2,2,2
4,6,3,2,783,5,3,1,4,2,2,3,26,3,2,1,2,1,2,4,1
2,12,1,8,6468,5,5,2,4,3,1,4,52,2,2,1,1,2,2,1,2
4,36,4,8,9566,1,3,2,2,3,2,2,31,3,2,2,1,1,2,2,1
3,18,1,2,1961,1,1,3,2,3,2,2,23,2,2,1,1,1,2,1,1
1,36,4,6,6229,1,2,4,2,1,4,4,23,2,3,2,1,2,2,4,2
2,9,1,1,1391,1,3,2,3,3,1,3,27,1,2,1,1,2,2,2,1
2,15,4,8,1537,5,1,4,4,2,4,3,50,2,2,2,1,2,2,2,1
2,36,2,1,1953,1,1,4,4,3,4,4,61,2,1,1,1,2,2,1,2
2,48,2,1,14421,1,3,2,4,3,2,2,25,2,2,1,1,2,2,2,2
4,24,1,8,3181,1,2,4,2,3,4,1,26,2,2,1,1,2,2,2,1
4,27,1,9,5190,5,1,4,4,3,4,1,48,2,2,4,2,2,2,2,1
4,12,1,8,2171,1,2,2,2,3,2,2,29,1,2,1,1,1,2,2,1
2,12,1,2,1007,2,3,4,3,3,1,3,22,2,2,1,1,1,2,2,1
4,36,1,5,1819,1,3,4,4,3,4,4,37,3,1,1,1,2,2,2,2
4,36,1,8,2394,5,3,4,2,3,4,2,25,2,2,1,1,1,2,2,1
4,36,1,3,8133,1,3,1,2,3,2,1,30,1,2,1,1,1,2,2,1
4,7,4,8,730,5,1,4,4,3,2,1,46,2,3,2,1,2,2,4,1
1,8,4,7,1164,1,1,3,4,3,4,4,51,1,1,2,2,2,2,1,1
2,42,4,1,5954,1,4,2,2,3,1,3,41,1,2,2,1,1,2,4,1
1,36,1,5,1977,5,1,4,4,3,4,4,40,2,2,1,1,2,2,1,2
1,12,4,3,1526,1,1,4,4,3,4,4,66,2,1,2,1,1,2,1,1
1,42,1,8,3965,1,2,4,4,3,3,2,34,2,2,1,1,1,2,2,2
2,11,5,8,4771,1,4,2,4,3,4,1,51,2,2,1,1,1,2,2,1
4,54,2,3,9436,5,3,2,4,3,2,1,39,2,2,1,2,1,2,4,1
2,30,1,6,3832,1,2,2,3,3,1,1,22,2,2,1,1,1,2,2,1
4,24,1,8,5943,5,2,1,2,3,1,2,44,2,2,2,1,2,2,2,2
4,15,1,8,1213,4,1,4,4,3,3,1,47,3,2,1,1,2,2,2,1
4,18,1,1,1568,3,3,3,2,3,4,1,24,2,3,1,1,1,2,4,1
1,24,1,7,1755,1,1,4,2,2,4,3,58,2,2,1,1,2,2,4,1
1,10,1,8,2315,1,1,3,4,3,4,3,52,2,2,1,1,1,2,4,1
4,12,4,1,1412,1,3,4,2,2,2,3,29,2,2,2,1,2,2,1,1
2,18,4,6,1295,1,2,4,2,3,1,1,27,2,2,2,1,1,2,2,1
2,36,1,5,12612,3,3,1,4,3,4,4,47,2,1,1,2,2,2,2,2
1,18,1,2,2249,3,4,4,4,3,3,2,30,2,2,1,2,2,2,1,1
1,12,2,9,1108,1,4,4,4,3,3,3,28,2,2,2,1,1,2,2,2
4,12,4,8,618,1,1,4,4,3,4,3,56,2,2,1,1,1,2,2,1
1,12,4,3,1409,1,1,4,4,3,3,3,54,2,2,1,1,1,2,2,1
4,12,4,8,797,5,1,4,2,3,3,1,33,1,2,1,2,1,2,4,2
3,24,4,6,3617,5,1,4,4,1,4,4,20,2,3,2,1,1,2,2,1
2,12,1,2,1318,2,1,4,4,3,4,3,54,2,2,1,1,2,2,2,1
2,54,2,1,15945,1,2,3,4,3,4,4,58,2,3,1,1,2,2,2,2
4,12,4,5,2012,5,4,4,2,3,2,2,61,2,2,1,1,1,2,2,1
2,18,1,1,2622,3,3,4,4,3,4,2,34,2,2,1,1,1,2,2,1
2,36,4,8,2337,1,1,4,4,3,4,3,36,2,2,1,1,1,2,2,1
2,20,5,3,7057,5,4,3,4,3,4,1,36,1,3,2,2,2,2,1,1
4,24,1,2,1469,3,1,4,3,3,4,3,41,2,3,1,1,1,2,4,1
2,36,1,8,2323,1,4,4,4,3,4,2,24,2,3,1,1,1,2,2,1
4,6,5,8,932,1,3,3,2,3,2,3,24,2,2,1,1,1,2,2,1
2,9,4,6,1919,1,4,4,4,3,3,2,35,2,3,1,1,2,2,2,1
4,12,1,3,2445,5,2,2,3,3,4,2,26,2,3,1,1,2,2,2,1
2,24,4,7,11938,1,3,2,4,1,3,2,39,2,2,2,2,2,2,1,2
4,18,3,2,6458,1,1,2,4,3,4,4,39,1,2,2,2,2,2,1,2
2,12,1,2,6078,1,4,2,4,3,2,2,32,2,2,1,1,1,2,2,1
1,24,1,6,7721,5,2,1,2,3,2,1,30,2,2,1,1,2,1,2,1
2,14,1,1,1410,4,1,1,3,3,2,3,35,2,2,1,1,2,2,2,1
2,6,5,1,1449,3,1,1,1,3,2,2,31,1,2,2,2,1,2,2,1
3,15,1,5,392,1,2,4,2,3,4,1,23,2,3,1,1,2,2,2,1
2,18,1,2,6260,1,4,3,4,3,3,3,28,2,3,1,1,1,2,4,1
4,36,4,2,7855,1,3,4,2,3,2,3,25,3,2,2,1,2,2,2,2
1,12,1,8,1680,4,1,3,3,3,1,3,35,2,2,1,1,1,2,2,1
4,48,4,8,3578,5,1,4,4,3,1,3,47,2,2,1,1,2,2,2,1
1,42,1,8,7174,5,4,4,2,3,3,2,30,2,2,1,1,2,2,1,2
1,10,4,6,2132,5,2,2,2,1,3,3,27,2,3,2,1,1,1,2,1
1,33,4,6,4281,4,3,1,2,3,4,2,23,2,2,2,1,1,2,2,2
2,12,4,2,2366,4,4,3,1,3,3,2,36,2,2,1,1,2,2,1,1
1,21,1,8,1835,1,3,3,2,3,2,3,25,2,2,2,1,2,2,2,2
4,24,4,3,3868,1,1,4,2,3,2,2,41,2,3,2,1,2,2,1,1
4,12,1,6,1768,1,3,3,4,3,2,3,24,2,3,1,1,1,2,4,1
3,10,4,2,781,1,1,4,4,3,4,4,63,2,1,2,1,2,2,2,1
2,18,1,6,1924,5,2,4,2,3,3,3,27,2,3,1,1,1,2,2,2
1,12,4,2,2121,1,3,4,4,3,2,1,30,2,2,2,1,1,2,2,1
1,12,1,8,701,1,3,4,3,3,2,3,40,2,2,1,1,1,2,4,1
2,12,1,9,639,1,3,4,4,3,2,2,30,2,2,1,1,1,2,2,2
2,12,4,3,1860,1,5,4,4,3,2,2,34,2,2,2,1,2,2,1,1
1,12,4,2,3499,1,3,3,2,1,2,3,29,2,2,2,1,1,2,2,2
2,48,1,2,8487,5,4,1,2,3,2,2,24,2,2,1,1,1,2,2,1
1,36,5,5,6887,1,3,4,4,3,3,1,29,3,2,1,1,2,2,2,2
4,15,1,6,2708,1,2,2,4,3,3,1,27,1,2,2,1,1,2,4,1
4,18,1,6,1984,1,3,4,4,3,4,4,47,1,1,2,1,1,2,2,1
4,60,1,8,10144,3,4,2,2,3,4,3,21,2,2,1,1,2,2,2,1
4,12,4,8,1240,5,1,4,2,3,2,3,38,2,2,2,1,2,2,2,1
4,27,5,3,8613,2,3,2,4,3,2,2,27,2,2,2,1,1,2,2,1
2,12,1,8,766,4,3,4,4,3,3,3,66,2,2,1,1,1,2,4,2
2,15,4,8,2728,5,4,4,4,2,2,3,35,1,2,3,1,2,2,2,1
3,12,1,8,1881,1,3,2,2,3,2,2,44,2,3,1,1,2,2,4,1
3,6,1,2,709,2,2,2,3,3,2,3,27,2,2,1,1,1,1,3,1
2,36,1,8,4795,1,2,4,2,3,1,4,30,2,2,1,1,2,2,1,1
1,27,1,8,3416,1,3,3,4,3,2,2,27,2,2,1,1,1,2,1,1
1,18,1,6,2462,1,3,2,4,3,2,2,22,2,2,1,1,1,2,2,2
4,21,4,6,2288,1,2,4,2,3,4,1,23,2,2,1,1,2,2,2,1
2,48,3,1,3566,3,4,4,4,3,2,2,30,2,2,1,1,1,2,2,1
1,6,4,2,860,1,1,1,2,3,4,4,39,2,2,2,1,2,2,2,1
4,12,4,2,682,3,4,4,2,3,3,2,51,2,2,2,1,2,2,2,1
1,36,4,6,5371,1,3,3,4,2,2,1,28,2,2,2,1,1,2,2,1
4,18,4,8,1582,2,1,4,4,3,4,2,46,2,2,2,1,1,2,2,1
4,6,1,8,1346,3,1,2,4,3,4,4,42,1,1,1,2,2,2,2,1
4,10,1,8,1924,1,3,1,4,3,4,1,38,2,2,1,1,2,1,2,1
3,36,1,8,5848,1,3,4,4,3,1,2,24,2,2,1,1,1,2,2,1
2,24,4,3,7758,2,1,2,2,3,4,4,29,2,3,1,1,1,2,2,1
2,24,5,1,6967,3,4,4,4,3,4,2,36,2,3,1,1,2,2,1,1
1,12,1,6,1282,1,3,2,2,3,4,2,20,2,3,1,1,1,2,2,2
1,9,4,9,1288,3,1,3,4,2,4,3,48,2,2,2,2,1,1,2,1
1,12,3,10,339,1,1,4,3,3,1,2,45,1,2,1,1,1,2,4,1
2,24,1,2,3512,3,4,2,4,3,3,2,38,1,2,2,1,2,2,2,1
4,6,4,8,1898,5,3,1,4,3,2,3,34,2,2,2,2,1,2,4,1
4,24,4,8,2872,3,1,3,4,3,4,3,36,2,2,1,2,2,2,2,1
4,18,4,2,1055,1,2,4,2,3,1,1,30,2,2,2,1,1,2,2,1
4,15,1,4,1262,4,4,4,4,3,3,1,36,2,2,2,1,2,2,2,1
2,10,1,2,7308,1,5,2,4,3,4,4,70,1,1,1,1,2,2,1,1
4,36,1,2,909,4,1,4,4,3,4,1,36,2,2,1,1,1,2,2,1
4,6,1,6,2978,4,3,1,4,3,2,2,32,2,2,1,1,2,2,2,1
1,18,1,6,1131,1,5,4,2,3,2,2,33,2,2,1,1,1,2,2,2
2,11,1,6,1577,2,2,4,2,3,1,3,20,2,2,1,1,1,2,2,1
4,24,1,6,3972,1,4,2,2,3,4,1,25,2,3,1,1,2,2,2,1
2,24,4,1,1935,1,1,4,1,3,4,3,31,2,2,2,1,2,2,2,2
1,15,2,2,950,1,1,4,4,3,3,2,33,2,3,2,2,1,2,2,2
4,12,1,6,763,1,3,4,2,3,1,3,26,2,2,1,1,2,2,2,1
2,24,5,6,2064,1,5,3,2,3,2,1,34,2,2,1,1,2,2,1,2
2,8,1,8,1414,1,3,4,4,2,2,3,33,2,2,1,1,1,1,2,1
1,21,5,5,3414,1,2,2,4,3,1,1,26,2,2,2,1,1,2,2,2
4,30,3,3,7485,5,5,4,2,3,1,3,53,1,2,1,1,2,2,1,2
1,12,1,6,2577,1,3,2,1,3,1,2,42,2,2,1,1,1,2,2,1
1,6,4,8,338,4,1,4,4,3,4,2,52,2,2,2,1,1,2,2,1
4,12,1,8,1963,1,4,4,4,3,2,2,31,2,3,2,2,2,2,1,1
1,21,4,2,571,1,1,4,4,3,4,3,65,2,2,2,1,1,2,2,1
4,36,5,1,9572,1,2,1,1,3,1,2,28,2,2,2,1,1,2,2,2
2,36,5,1,4455,1,3,2,1,3,2,3,30,3,2,2,1,2,2,1,2
1,21,3,2,1647,5,3,4,4,3,2,1,40,2,2,2,2,1,2,4,2
4,24,4,6,3777,2,3,4,4,3,4,3,50,2,2,1,1,2,2,2,1
2,18,4,2,884,1,1,4,4,3,4,2,36,1,2,1,2,2,2,2,2
4,15,4,8,1360,1,3,4,4,3,2,1,31,2,2,2,1,1,2,2,1
2,9,3,3,5129,1,1,2,2,3,4,4,74,1,1,1,2,2,2,1,2
2,16,4,2,1175,1,5,2,4,3,3,2,68,2,1,3,1,2,2,3,1
1,12,1,8,674,3,4,4,3,3,1,1,20,2,2,1,1,1,2,2,2
2,18,2,6,3244,1,3,1,2,3,4,2,33,1,2,2,1,2,2,2,1
4,24,1,1,4591,2,3,2,4,3,3,1,54,2,2,3,1,2,2,1,2
2,48,2,1,3844,3,4,4,4,3,4,4,34,2,1,1,2,1,2,4,2
2,27,1,1,3915,1,3,4,4,3,2,2,36,2,2,1,2,2,2,2,2
4,6,1,8,2108,1,4,2,3,3,2,3,29,2,3,1,1,1,2,2,1
2,45,1,8,3031,3,3,4,4,2,4,1,21,2,3,1,1,1,2,2,2
2,9,4,5,1501,1,1,2,2,3,3,2,34,2,2,2,1,2,2,1,2
4,6,4,8,1382,1,3,1,2,3,1,2,28,2,2,2,1,2,2,2,1
2,12,1,6,951,3,2,4,2,3,4,2,27,1,3,4,1,1,2,2,2
2,24,1,3,2760,5,1,4,4,3,4,4,36,1,1,1,1,2,2,2,1
2,18,5,6,4297,1,1,4,1,3,3,4,40,2,2,1,1,2,2,1,2
4,9,4,5,936,4,1,4,4,3,2,2,52,2,2,2,1,2,2,2,1
1,12,1,2,1168,1,3,4,3,3,3,3,27,2,2,1,1,1,2,4,1
4,27,5,1,5117,1,4,3,4,3,4,2,26,2,2,2,1,1,2,2,1
1,12,1,10,902,1,4,4,3,3,4,1,21,2,3,1,1,1,2,2,2
4,12,4,2,1495,1,1,4,4,3,1,3,38,2,2,2,2,1,2,4,1
1,30,4,3,10623,1,1,3,4,3,4,4,38,2,1,3,2,2,2,1,1
4,12,4,6,1935,1,1,4,4,3,4,3,43,2,2,3,1,2,2,2,1
2,12,4,4,1424,1,4,4,4,3,3,1,26,2,2,1,1,1,2,2,1
1,24,1,1,6568,1,3,2,3,3,2,2,21,3,2,1,1,1,2,4,1
4,12,1,3,1413,2,4,3,4,3,2,1,55,2,2,1,1,1,1,2,1
4,9,4,8,3074,5,3,1,4,3,2,3,33,2,2,2,2,1,2,2,1
4,36,1,8,3835,5,1,2,2,3,4,3,45,2,2,1,1,2,2,4,1
1,27,2,1,5293,1,5,2,4,3,4,1,50,3,2,2,1,2,2,2,2
3,30,5,1,1908,1,1,4,4,3,4,3,66,2,2,1,1,2,2,1,2
4,36,4,8,3342,5,1,4,4,3,2,2,51,2,2,1,1,2,2,2,1
2,6,4,10,932,5,4,1,2,3,3,1,39,2,2,2,1,1,2,4,1
1,18,2,1,3104,1,4,3,4,3,1,1,31,1,2,1,1,2,2,2,1
3,36,1,8,3913,1,3,2,4,3,2,3,23,2,2,1,1,2,2,2,1
1,24,1,6,3021,1,3,2,1,3,2,3,24,2,3,1,1,1,2,4,1
4,10,1,2,1364,1,3,2,2,3,4,2,64,2,2,1,1,2,2,2,1
2,12,1,8,625,1,2,4,3,2,1,3,26,1,2,1,1,1,2,4,1
1,12,1,5,1200,5,3,4,2,3,4,1,23,1,3,1,1,2,2,2,1
4,12,1,8,707,1,3,4,4,3,2,3,30,1,2,2,1,1,2,2,1
4,24,5,1,2978,5,3,4,4,3,4,3,32,2,2,2,2,2,2,2,1
4,15,1,3,4657,1,3,3,4,3,2,2,30,2,2,1,1,2,2,2,1
4,36,2,9,2613,1,3,4,4,3,2,2,27,2,2,2,1,1,2,2,1
2,48,1,8,10961,2,4,1,4,1,2,4,27,1,2,2,1,2,2,2,2
1,12,1,6,7865,1,1,4,4,3,4,4,53,2,1,1,1,2,2,1,2
4,9,1,8,1478,1,4,4,4,3,2,2,22,2,2,1,1,1,2,2,2
1,24,1,6,3149,1,2,4,4,3,1,4,22,1,1,1,1,1,2,2,1
3,36,1,8,4210,1,3,4,4,3,2,2,26,2,2,1,1,1,2,2,2
4,9,1,2,2507,4,1,2,4,3,4,4,51,2,1,1,1,1,2,4,1
4,12,1,8,2141,3,4,3,4,3,1,4,35,2,2,1,1,1,2,2,1
2,18,1,8,866,1,3,4,3,2,2,3,25,2,2,1,1,1,2,4,1
4,4,4,8,1544,1,4,2,4,3,1,3,42,2,2,3,2,1,2,4,1
1,24,1,8,1823,1,5,4,4,3,2,2,30,3,2,1,2,1,2,1,2
2,6,1,2,14555,5,5,1,4,3,2,1,23,2,2,1,1,2,2,3,2
2,21,1,1,2767,3,1,4,1,3,2,2,61,1,3,2,1,1,2,4,2
4,12,4,8,1291,1,3,4,2,3,2,1,35,2,2,2,1,1,2,2,1
1,30,1,8,2522,1,1,1,4,2,3,1,39,2,2,1,2,1,2,2,1
1,24,1,2,915,5,1,4,2,3,2,2,29,1,2,1,1,1,2,2,2
4,6,1,8,1595,1,4,3,4,3,2,1,51,2,2,1,2,1,2,2,1
1,48,2,3,4605,1,1,3,4,3,4,4,24,2,1,2,2,1,2,2,2
4,12,4,1,1185,1,3,3,2,3,2,3,27,2,2,2,1,1,2,2,1
4,12,3,10,3447,4,3,4,2,3,3,3,35,2,2,1,2,1,2,4,1
4,24,1,1,1258,1,4,4,4,3,1,3,25,2,2,1,1,2,2,2,1
4,12,4,8,717,1,1,4,4,3,4,3,52,2,2,3,1,1,2,2,1
4,6,2,2,1204,3,3,4,4,3,1,4,35,1,3,1,1,1,1,2,1
3,24,1,6,1925,1,3,2,4,3,2,3,26,2,2,1,1,1,2,2,1
4,18,1,8,433,1,5,3,2,1,4,3,22,2,3,1,1,1,2,2,2
1,6,4,2,666,2,4,3,2,3,4,3,39,2,2,2,1,2,2,4,1
3,12,1,6,2251,1,3,1,2,3,2,2,46,2,2,1,1,1,2,4,1
2,30,1,2,2150,1,3,4,2,2,2,4,24,1,2,1,1,1,2,2,2
4,24,5,6,4151,3,3,2,4,3,3,1,35,2,2,2,1,1,2,2,1
2,9,1,6,2030,5,4,2,4,3,1,2,24,2,2,1,1,2,2,2,1
2,60,5,8,7418,5,3,1,4,3,1,3,27,2,2,1,1,1,2,4,1
4,24,4,8,2684,1,3,4,4,3,2,3,35,2,2,2,1,1,2,4,1
1,12,3,8,2149,1,3,4,1,3,1,4,29,2,1,1,1,1,2,2,2
4,15,1,3,3812,3,2,1,2,3,4,2,23,2,2,1,1,2,2,2,1
4,11,4,8,1154,3,5,4,2,3,4,3,57,2,2,3,1,1,2,4,1
1,12,1,6,1657,1,3,2,4,3,2,3,27,2,2,1,1,1,2,2,1
1,24,1,8,1603,1,1,4,2,3,4,2,55,2,2,1,1,1,2,2,1
1,18,4,2,5302,1,1,2,4,3,4,4,36,2,1,3,1,2,2,1,1
4,12,4,5,2748,1,1,2,2,3,4,4,57,1,1,3,1,1,2,4,1
4,10,4,2,1231,1,1,3,4,3,4,3,32,2,2,2,2,1,1,4,1
2,15,1,8,802,1,1,4,4,3,3,2,37,2,2,1,2,1,2,2,2
4,36,4,1,6304,5,1,4,4,3,4,3,36,2,2,2,1,1,2,2,1
4,24,1,8,1533,1,2,4,2,3,3,2,38,3,2,1,1,2,2,2,1
1,14,1,2,8978,1,1,1,1,3,4,1,45,2,2,1,1,2,1,1,2
4,24,1,8,999,5,1,4,4,3,2,2,25,2,2,2,1,1,2,2,1
4,18,1,2,2662,5,4,4,4,3,3,1,32,2,2,1,1,1,1,2,1
4,12,4,6,1402,4,4,3,2,3,4,2,37,2,3,1,1,2,2,2,1
2,48,3,2,12169,5,5,4,4,1,4,4,36,2,1,1,1,2,2,1,1
2,48,1,8,3060,1,4,4,4,3,4,3,28,2,2,2,1,1,2,2,2
1,30,1,9,11998,1,2,1,1,3,1,4,34,2,2,1,1,2,2,4,2
4,9,1,8,2697,1,3,1,4,3,2,3,32,2,2,1,2,1,2,2,1
4,18,4,8,2404,1,3,2,2,3,2,2,26,2,2,2,1,1,2,2,1
1,12,1,6,1262,5,1,2,1,3,4,1,49,2,2,1,1,2,2,4,1
4,6,1,6,4611,1,2,1,2,3,4,1,32,2,2,1,1,1,2,2,2
4,24,1,8,1901,3,3,4,4,3,4,2,29,2,3,1,1,2,2,1,1
4,15,4,3,3368,2,1,3,4,3,4,4,23,2,3,2,1,2,2,2,1
4,12,1,6,1574,1,3,4,4,3,2,3,50,2,2,1,1,1,2,2,1
3,18,3,8,1445,5,4,4,4,3,4,2,49,1,2,1,1,1,2,4,1
4,15,4,6,1520,5,1,4,4,3,4,1,63,2,2,1,1,1,2,2,1
2,24,4,2,3878,3,2,4,1,3,2,2,37,2,2,1,1,2,2,2,1
1,47,1,2,10722,1,2,1,2,3,1,3,35,2,2,1,1,2,2,4,1
1,48,1,3,4788,1,4,4,4,3,3,1,26,2,2,1,2,1,2,2,1
2,48,5,7,7582,3,5,2,4,3,4,4,31,2,1,1,1,2,2,1,1
2,12,1,8,1092,1,3,4,2,2,4,3,49,2,2,2,1,2,2,2,1
1,24,5,8,1024,1,2,4,3,3,4,3,48,3,2,1,1,1,2,2,2
4,12,1,1,1076,1,3,2,3,3,2,3,26,2,2,1,1,2,1,2,1
2,36,1,3,9398,1,2,1,3,3,4,2,28,2,3,1,1,2,2,1,2
1,24,4,3,6419,1,1,2,2,3,4,4,44,2,1,2,2,2,2,1,1
3,42,4,3,4796,1,1,4,4,3,4,4,56,2,1,1,1,1,2,2,1
4,48,4,1,7629,5,1,4,1,3,2,2,46,1,2,2,2,1,2,1,1
2,48,1,6,9960,1,2,1,2,3,2,2,26,2,2,1,1,2,2,2,2
4,12,1,3,4675,5,2,1,2,3,4,2,20,2,3,1,1,1,2,2,1
4,10,1,2,1287,5,1,4,4,1,2,1,45,2,2,1,1,1,1,4,1
4,18,1,6,2515,1,3,3,4,3,4,3,43,2,2,1,1,2,2,2,1
2,21,4,6,2745,2,4,3,4,3,2,2,32,2,2,2,1,2,2,2,1
4,6,1,2,672,1,5,1,2,3,4,3,54,2,2,1,1,2,2,3,1
2,36,2,8,3804,1,3,4,2,3,1,2,42,2,2,1,1,2,2,2,2
3,24,4,2,1344,5,4,4,4,3,2,3,37,1,2,2,2,1,2,4,2
1,10,4,2,1038,1,4,4,4,1,3,1,49,2,2,2,1,2,2,2,1
4,48,4,2,10127,4,3,2,4,3,2,4,44,1,1,1,1,1,2,2,2
4,6,1,6,1543,2,3,4,1,3,2,3,33,2,2,1,1,1,2,2,1
4,30,1,3,4811,5,4,2,2,3,4,1,24,3,3,1,1,1,2,4,1
1,12,1,8,727,3,2,4,3,3,3,4,33,2,2,1,1,2,2,4,2
2,8,1,6,1237,1,3,3,2,3,4,3,24,2,2,1,1,1,2,2,2
2,9,1,2,276,1,3,4,3,3,4,3,22,2,3,1,1,1,2,4,1
2,48,1,7,5381,5,5,3,4,3,4,4,40,1,1,1,1,2,2,3,1
4,24,1,6,5511,3,3,4,4,3,1,2,25,3,2,1,1,1,2,2,1
3,24,1,6,3749,1,2,2,2,3,4,2,26,2,2,1,1,1,2,2,1
2,12,1,2,685,1,4,2,3,3,3,2,25,1,2,1,1,1,2,4,2
3,4,1,2,1494,5,2,1,4,3,2,3,29,2,2,1,2,1,1,4,1
1,36,3,6,2746,1,1,4,4,3,4,2,31,1,2,1,1,1,2,2,2
1,12,1,6,708,1,3,2,4,2,3,1,38,2,2,1,2,1,2,4,1
2,24,1,6,4351,5,3,1,2,3,4,1,48,2,2,1,1,2,2,4,1
4,12,4,5,701,1,3,4,4,3,2,2,32,2,2,2,1,1,2,2,1
1,15,5,6,3643,1,1,1,2,3,4,1,27,2,2,2,1,1,2,4,1
2,30,4,2,4249,1,5,4,3,3,2,2,28,2,2,2,1,1,2,1,2
1,24,1,8,1938,1,2,4,1,3,3,1,32,2,2,1,1,1,2,2,2
1,24,1,3,2910,1,4,2,4,3,1,4,34,2,1,1,1,2,2,1,1
1,18,1,6,2659,2,3,4,4,3,2,2,28,2,2,1,1,1,2,2,1
4,18,4,2,1028,1,3,4,2,3,3,3,36,2,2,2,1,1,2,2,1
1,8,4,2,3398,1,4,1,4,3,4,3,39,2,2,2,1,1,1,4,1
4,12,4,6,5801,5,1,2,4,3,4,1,49,2,3,1,1,2,2,2,1
4,24,1,2,1525,2,4,4,2,3,3,2,34,2,2,1,2,2,2,2,1
3,36,1,8,4473,1,1,4,4,3,2,2,31,2,2,1,1,1,2,2,1
2,6,1,8,1068,1,1,4,4,3,4,2,28,2,2,1,2,1,2,2,1
1,24,4,3,6615,1,5,2,4,3,4,4,75,2,1,2,1,2,2,1,1
4,18,4,5,1864,3,3,4,2,3,2,3,30,2,2,2,1,1,2,2,2
2,60,1,2,7408,3,2,4,2,3,2,1,24,2,2,1,1,1,2,1,2
4,48,4,3,11590,3,3,2,2,3,4,2,24,1,3,2,1,1,2,4,2
1,24,2,6,4110,1,1,3,4,3,4,4,23,1,3,2,2,1,2,2,2
1,6,4,6,3384,1,3,1,1,3,4,3,44,2,3,1,1,2,2,1,2
2,13,1,8,2101,1,2,2,2,2,4,1,23,2,2,1,1,1,2,4,1
1,15,1,4,1275,5,3,4,2,3,2,2,24,2,3,1,1,1,2,2,2
1,24,1,6,4169,1,3,4,4,3,4,1,28,2,2,1,1,1,2,2,1
2,10,1,6,1521,1,3,4,1,3,2,2,31,2,2,1,1,1,2,4,1
2,24,4,5,5743,1,2,2,2,3,4,4,24,2,1,2,1,2,2,2,1
1,21,1,6,3599,1,4,1,2,3,4,2,26,2,3,1,1,1,2,4,1
2,18,1,8,3213,4,2,1,3,3,3,3,25,2,3,1,1,1,2,2,1
2,18,1,1,4439,1,1,1,4,1,1,3,33,1,2,1,1,2,2,1,1
3,10,1,2,3949,1,2,1,4,2,1,1,37,2,2,1,2,1,2,4,1
4,15,4,8,1459,1,3,4,2,3,2,2,43,2,2,1,1,1,2,4,1
2,13,4,8,882,1,2,4,4,2,4,3,23,2,2,2,1,1,2,2,1
2,24,1,8,3758,4,5,1,2,3,4,4,23,2,3,1,1,1,2,3,1
4,6,5,1,1743,3,3,1,4,3,2,3,34,2,2,2,1,1,2,4,1
2,9,4,5,1136,2,1,4,4,3,3,4,32,2,1,2,2,1,2,2,2
4,9,1,4,1236,1,2,1,2,3,4,3,23,2,3,1,1,2,2,2,1
2,9,1,6,959,1,3,1,2,3,2,2,29,2,2,1,1,1,1,2,2
4,18,4,3,3229,5,5,2,4,3,4,4,38,2,2,1,1,2,2,1,1
1,12,2,8,6199,1,3,4,4,3,2,1,28,2,3,2,1,2,2,2,2
4,10,1,5,727,4,1,4,4,3,4,4,46,2,1,1,1,2,2,2,1
2,24,1,2,1246,1,2,4,4,3,2,3,23,3,2,1,1,1,2,4,2
4,12,4,8,2331,5,1,1,4,1,4,3,49,2,2,1,1,2,2,2,1
4,36,5,8,4463,1,3,4,4,3,2,2,26,2,2,2,1,2,2,1,2
4,12,1,8,776,1,3,4,3,3,2,3,28,2,2,1,1,1,2,2,1
1,30,1,6,2406,1,4,4,2,3,4,3,23,2,3,1,1,1,2,2,2
2,18,1,5,1239,5,3,4,4,3,4,4,61,2,1,1,1,1,2,2,1
3,12,1,8,3399,5,1,2,4,3,3,2,37,2,2,1,1,1,2,1,1
3,12,5,2,2247,1,3,2,2,3,2,2,36,3,2,2,1,2,2,2,1
4,6,1,6,1766,1,3,1,3,3,2,1,21,2,3,1,1,1,2,2,1
1,18,1,6,2473,1,5,4,4,3,1,2,25,2,2,1,1,1,2,3,2
4,12,1,1,1542,1,4,2,4,3,4,2,36,2,2,1,1,2,2,2,1
4,18,4,3,3850,1,4,3,4,3,1,2,27,2,2,2,1,1,2,2,1
1,18,1,6,3650,1,2,1,2,3,4,2,22,2,3,1,1,1,2,2,1
1,36,1,6,3446,1,1,4,4,3,2,2,42,2,2,1,2,1,2,2,2
2,18,1,6,3001,1,4,2,2,3,4,3,40,2,3,1,1,1,2,2,1
4,36,1,2,3079,5,3,4,4,3,4,3,36,2,2,1,1,1,2,2,1
4,18,4,8,6070,1,1,3,4,3,4,2,33,2,2,2,1,2,2,2,1
4,10,4,6,2146,1,2,1,2,3,3,3,23,2,3,2,1,1,2,2,1
4,60,4,2,13756,5,1,2,4,3,4,4,63,1,1,1,1,2,2,1,1
2,60,3,7,14782,3,1,3,2,3,4,4,60,1,1,2,1,2,2,1,2
1,48,3,1,7685,1,4,2,2,2,4,2,37,2,3,1,1,1,2,2,2
4,18,5,8,2320,1,5,2,3,3,3,3,34,2,2,2,1,1,2,2,1
4,7,5,8,846,5,1,3,4,3,4,4,36,2,1,1,1,1,2,2,1
2,36,1,2,14318,1,1,4,4,3,2,4,57,2,1,1,1,2,2,1,2
4,6,4,2,362,3,3,4,2,3,4,2,52,2,2,2,1,1,2,4,1
1,20,1,6,2212,5,4,4,4,3,4,2,39,2,2,1,1,2,2,2,1
2,18,1,3,12976,1,5,3,2,3,4,4,38,2,1,1,1,2,2,1,2
4,22,1,2,1283,5,4,4,2,3,4,1,25,2,3,1,1,1,2,2,1
3,12,1,2,1330,1,2,4,4,3,1,3,26,2,2,1,1,1,2,2,1
4,30,5,1,4272,3,3,2,4,3,2,1,26,2,2,2,1,1,2,4,1
4,18,4,8,2238,1,3,2,2,3,1,2,25,2,2,2,1,1,2,2,1
4,18,1,8,1126,5,2,4,2,3,2,3,21,2,3,1,1,2,2,2,1
2,18,4,6,7374,1,5,4,4,3,4,1,40,3,2,2,1,2,2,1,1
2,15,4,1,2326,4,3,2,4,3,4,2,27,1,2,1,1,1,2,2,1
4,9,1,1,1449,1,4,3,2,3,2,2,27,2,2,2,1,1,2,2,1
4,18,1,2,1820,1,3,2,3,3,2,1,30,2,2,1,1,2,2,1,1
2,12,1,6,983,2,2,1,2,3,4,3,19,2,3,1,1,1,2,4,1
1,36,1,2,3249,1,4,2,4,3,4,4,39,1,1,1,2,2,2,1,1
1,6,4,8,1957,1,4,1,2,3,4,2,31,2,2,1,1,1,2,2,1
4,9,4,6,2406,1,5,2,4,3,3,2,31,2,2,1,1,1,2,1,1
2,39,5,5,11760,3,4,2,4,3,3,4,32,2,3,1,1,2,2,2,1
1,12,1,6,2578,1,5,3,2,3,4,4,55,2,1,1,1,1,2,1,1
1,36,4,6,2348,1,3,3,3,3,2,1,46,2,2,2,1,2,2,2,1
2,12,1,2,1223,1,1,1,1,3,1,3,46,2,3,2,1,1,2,2,2
4,24,4,8,1516,2,3,4,2,3,1,3,43,2,2,2,1,1,2,4,1
4,18,1,8,1473,1,2,3,3,3,4,3,39,2,2,1,1,2,2,2,1
2,18,4,1,1887,5,3,4,3,3,4,3,28,1,2,2,1,1,2,2,1
4,24,5,1,8648,1,2,2,4,3,2,2,27,1,2,2,1,2,2,2,2
4,14,5,2,802,1,3,4,4,3,2,2,27,2,2,2,1,1,2,4,1
2,18,5,2,2899,5,1,4,4,3,4,2,43,2,2,1,2,1,2,2,1
2,24,1,8,2039,1,2,1,3,3,1,1,22,2,2,1,1,2,2,2,2
4,24,4,3,2197,5,4,4,4,3,4,2,43,2,2,2,2,2,2,2,1
1,15,1,8,1053,1,2,4,3,3,2,3,27,2,2,1,1,1,1,2,1
4,24,1,8,3235,4,1,3,1,3,2,2,26,2,2,1,1,2,2,1,1
3,12,4,2,939,4,4,4,3,3,2,3,28,2,2,3,1,2,2,2,2
2,24,1,8,1967,1,1,4,2,3,4,2,20,2,2,1,1,2,2,2,1
4,33,4,3,7253,1,4,3,4,3,2,2,35,2,2,2,1,2,2,1,1
4,12,4,1,2292,1,5,4,4,3,2,2,42,3,2,2,1,2,2,1,2
4,10,1,2,1597,4,3,3,4,3,2,4,40,2,3,1,2,1,1,4,1
1,24,1,2,1381,5,3,4,2,3,2,1,35,2,2,1,1,1,2,2,2
4,36,4,3,5842,1,1,2,4,3,2,1,35,2,2,2,2,2,2,2,1
1,12,1,2,2579,1,2,4,4,3,1,3,33,2,2,1,2,1,2,4,2
1,18,5,5,8471,5,3,1,2,3,2,2,23,2,3,2,1,2,2,2,1
4,21,1,2,2782,4,4,1,2,3,2,2,31,1,2,1,1,1,2,1,1
2,18,1,2,1042,5,3,4,2,3,2,1,33,2,2,1,1,1,2,2,2
4,15,1,2,3186,2,4,2,2,3,3,2,20,2,3,1,1,1,2,2,1
2,12,1,3,2028,5,3,4,4,3,2,2,30,2,2,1,1,1,2,2,1
2,12,4,2,958,1,4,2,4,3,3,3,47,2,2,2,2,1,2,4,1
4,21,5,6,1591,3,4,4,4,3,3,3,34,2,2,2,1,1,2,1,1
2,12,1,6,2762,5,1,1,2,3,2,1,25,1,2,1,1,2,2,2,2
2,18,1,3,2779,1,3,1,3,3,3,2,21,2,3,1,1,2,2,2,1
4,28,4,8,2743,1,1,4,4,3,2,2,29,2,2,2,1,1,2,2,1
4,18,4,8,1149,2,3,4,4,3,3,3,46,2,2,2,1,1,2,2,1
4,9,1,6,1313,1,1,1,4,3,4,2,20,2,2,1,1,1,2,2,1
1,18,4,9,1190,1,5,2,2,3,4,4,55,2,1,3,2,1,2,3,2
4,5,1,1,3448,1,4,1,4,3,4,3,74,2,2,1,1,1,2,4,1
2,24,1,7,11328,1,3,2,4,1,3,2,29,1,2,2,1,2,2,1,2
1,6,4,6,1872,1,5,4,4,3,4,4,36,2,1,3,1,2,2,1,1
4,24,4,9,2058,1,3,4,1,3,2,3,33,2,2,2,1,2,2,2,1
1,9,1,6,2136,1,3,3,4,3,2,3,25,2,2,1,1,1,2,2,1
2,12,1,8,1484,5,3,2,3,3,1,3,25,2,2,1,1,2,2,2,2
4,6,1,9,660,4,4,2,3,3,4,3,23,2,3,1,1,1,2,4,1
4,24,4,2,1287,2,1,4,2,3,4,3,37,2,2,2,1,2,2,2,1
1,42,4,9,3394,1,5,4,4,1,4,2,65,2,2,2,1,1,2,3,1
3,12,3,1,609,1,2,4,2,3,1,3,26,2,2,1,1,1,2,3,2
4,12,1,2,1884,1,1,4,4,3,4,2,39,2,2,1,1,2,2,1,1
1,12,1,6,1620,1,3,2,2,1,3,1,30,2,2,1,1,1,2,2,1
2,20,5,7,2629,1,3,2,4,3,3,2,29,1,2,2,1,2,2,2,1
4,12,1,5,719,1,1,4,4,3,4,2,41,1,2,1,2,1,2,4,2
2,48,4,6,5096,1,3,2,2,3,3,2,30,2,2,1,1,2,2,1,2
4,9,4,5,1244,5,1,4,2,3,4,1,41,2,3,2,1,1,2,4,1
1,36,1,2,1842,1,2,4,2,3,4,2,34,2,2,1,1,2,2,2,2
2,7,1,8,2576,1,3,2,4,2,2,3,35,2,2,1,1,1,2,2,1
3,12,1,6,1424,5,1,3,2,3,4,3,55,2,2,1,1,2,2,1,1
2,15,5,9,1512,2,3,3,3,3,3,1,61,3,2,2,1,1,2,2,2
4,36,4,3,11054,5,3,4,4,3,2,2,30,2,2,1,1,2,2,1,1
4,6,1,8,518,1,3,3,2,3,1,3,29,2,2,1,1,1,2,2,1
4,12,2,6,2759,1,1,2,4,3,4,1,34,2,2,2,1,1,2,2,1
4,24,1,3,2670,1,1,4,4,3,4,2,35,2,2,1,1,2,2,1,1
1,24,1,2,4817,1,4,2,4,1,3,1,31,2,2,1,1,2,2,2,2
4,24,1,3,2679,1,2,4,2,3,1,4,29,2,2,1,1,2,2,1,1
1,11,4,2,3905,1,3,2,4,3,2,3,36,2,3,2,2,1,2,2,1
1,12,1,3,3386,1,1,3,4,3,4,4,35,2,1,1,1,2,2,2,2
1,6,1,4,343,1,2,4,2,3,1,3,27,2,2,1,1,1,2,2,1
4,18,1,8,4594,1,2,3,4,3,2,2,32,2,2,1,1,2,2,2,1
1,36,1,6,3620,1,3,1,4,2,2,1,37,2,2,1,2,1,2,2,1
1,15,1,2,1721,1,2,2,4,3,3,3,36,2,2,1,1,1,2,2,1
2,12,1,6,3017,1,2,3,2,3,1,3,34,2,3,1,1,1,2,1,1
2,12,1,10,754,5,1,4,4,3,4,1,38,2,2,2,1,1,2,2,1
4,18,1,1,1950,1,4,4,4,3,1,2,34,3,2,2,1,2,2,2,1
1,24,1,3,2924,1,3,3,4,2,4,4,63,1,2,1,2,2,2,2,1
1,24,5,8,1659,1,2,4,2,3,2,2,29,2,3,1,1,2,2,4,2
4,48,5,8,7238,5,1,3,4,3,3,2,32,1,2,2,2,1,2,2,1
4,33,5,1,2764,1,3,2,2,3,2,2,26,2,2,2,1,2,2,2,1
4,24,5,3,4679,1,4,3,4,3,3,2,35,2,2,2,1,2,2,4,1
2,24,1,8,3092,3,2,3,3,3,2,2,22,2,3,1,1,2,2,2,2
1,6,1,5,448,1,2,4,2,3,4,1,23,2,2,1,1,1,2,2,2
1,9,1,2,654,1,3,4,4,3,3,2,28,2,2,1,1,1,2,4,2
4,6,1,10,1238,5,5,4,4,3,4,1,36,2,2,1,2,2,2,1,1
2,18,4,8,1245,1,3,4,3,3,2,2,33,2,2,1,1,1,2,2,2
1,18,2,6,3114,1,2,1,2,3,4,1,26,2,3,1,1,1,2,2,2
4,39,1,3,2569,4,3,4,4,3,4,2,24,2,2,1,1,1,2,2,1
3,24,1,8,5152,1,4,4,4,3,2,2,25,1,2,1,1,1,2,2,1
2,12,1,1,1037,3,4,3,4,3,4,3,39,2,2,1,1,1,2,4,1
1,15,4,6,1478,1,1,4,4,3,4,2,44,2,2,2,2,2,2,2,1
2,12,4,8,3573,1,3,1,2,3,1,3,23,2,2,1,1,1,2,4,1
2,24,1,2,1201,1,2,4,4,3,1,1,26,2,2,1,1,1,2,2,1
1,30,1,6,3622,2,1,4,2,3,4,1,57,2,3,2,1,2,2,2,1
4,15,5,6,960,2,4,3,2,3,2,1,30,2,2,2,1,1,2,2,1
4,12,4,2,1163,4,3,4,4,3,4,3,44,2,2,1,1,2,2,2,1
2,6,5,2,1209,1,5,4,4,3,4,1,47,2,2,1,1,2,2,1,2
4,12,1,8,3077,1,3,2,4,3,4,2,52,2,2,1,1,2,2,2,1
4,24,1,2,3757,1,1,4,2,1,4,4,62,2,1,1,1,2,2,2,1
4,10,1,2,1418,3,3,3,4,3,2,3,35,2,3,1,1,1,1,4,1
4,6,1,2,3518,1,3,2,4,2,3,1,26,2,3,1,1,1,2,2,1
4,12,4,8,1934,1,1,2,4,3,2,4,26,2,2,2,1,1,2,2,1
2,27,2,1,8318,1,1,2,2,3,4,4,42,2,1,2,1,2,2,1,2
4,6,4,8,1237,3,3,1,2,3,1,1,27,2,2,2,1,1,2,2,1
2,6,1,8,368,5,1,4,4,3,4,1,38,2,2,1,1,1,2,2,1
1,12,4,2,2122,1,3,3,4,3,2,3,39,2,3,2,2,1,1,4,1
1,24,1,6,2996,5,3,2,3,3,4,2,20,2,2,1,1,1,2,2,2
2,36,1,6,9034,3,2,4,4,1,1,4,29,2,3,1,1,2,2,1,2
4,24,4,6,1585,1,4,4,4,3,3,1,40,2,2,2,1,1,2,2,1
2,18,1,8,1301,1,1,4,3,2,2,3,32,2,2,1,1,1,2,4,1
3,6,4,2,1323,3,1,2,1,3,4,2,28,2,2,2,2,2,2,2,1
1,24,1,2,3123,1,2,4,2,3,1,1,27,2,2,1,1,1,2,2,2
1,36,1,3,5493,1,1,2,4,3,4,4,42,2,1,1,2,1,2,2,1
3,9,1,8,1126,3,1,2,1,3,4,3,49,2,2,1,1,1,2,2,1
2,24,4,8,1216,3,2,4,4,3,4,4,38,1,2,2,2,1,2,2,2
1,24,1,2,1207,1,2,4,2,3,4,1,24,2,3,1,1,1,2,2,2
4,10,1,2,1309,5,3,4,4,2,4,1,27,2,2,1,1,1,2,4,2
3,15,4,3,2360,4,3,2,4,3,2,2,36,2,2,1,1,2,2,2,1
2,15,3,2,6850,3,5,1,4,3,2,1,34,2,2,1,2,2,2,1,2
4,24,1,8,1413,1,3,4,3,3,2,1,28,2,2,1,1,1,2,2,1
4,39,1,3,8588,3,1,4,4,3,2,2,45,2,2,1,1,2,2,1,1
1,12,1,2,759,1,4,4,4,3,2,3,26,2,2,1,1,1,2,2,2
4,36,1,3,4686,1,3,2,4,3,2,4,32,2,1,1,1,2,2,1,1
3,15,1,1,2687,1,4,2,4,3,4,1,26,2,3,1,1,2,2,2,1
2,12,5,8,585,1,3,4,3,1,4,3,20,2,3,2,1,1,2,2,1
4,24,1,2,2255,5,2,4,4,3,1,1,54,2,2,1,1,1,2,2,1
1,6,4,2,609,1,4,4,2,3,3,1,37,2,2,2,1,1,1,2,1
1,6,4,2,1361,1,2,2,4,3,4,3,40,2,2,1,2,1,1,4,1
4,36,4,6,7127,1,2,2,2,3,4,1,23,2,3,2,1,2,2,2,2
1,6,1,2,1203,3,1,3,4,3,2,1,43,2,2,1,1,2,2,2,1
4,6,4,8,700,5,1,4,4,3,4,4,36,2,1,2,1,1,2,2,1
4,24,4,9,5507,1,1,3,4,3,4,4,44,2,1,2,1,1,2,2,1
1,18,1,8,3190,1,3,2,2,3,2,3,24,2,2,1,1,1,2,2,2
1,48,2,6,7119,1,3,3,4,3,4,4,53,2,1,2,2,1,2,2,2
4,24,1,3,3488,3,4,3,2,3,4,2,23,2,2,1,1,1,2,2,1
2,18,1,8,1113,1,3,4,2,2,4,3,26,2,2,1,2,1,2,4,1
2,26,1,3,7966,1,2,2,4,3,3,2,30,2,2,2,1,1,2,2,1
4,15,4,5,1532,3,3,4,2,3,3,2,31,2,2,1,1,1,2,2,1
4,4,4,8,1503,1,4,2,4,3,1,3,42,2,2,2,2,1,2,4,1
1,36,1,8,2302,1,3,4,1,3,4,2,31,2,3,1,1,1,2,2,2
1,6,1,2,662,1,2,3,4,3,4,3,41,2,2,1,2,2,2,4,1
2,36,1,5,2273,1,4,3,4,3,1,2,32,2,2,2,2,1,2,2,1
2,15,1,2,2631,3,3,2,2,3,4,2,28,2,3,2,1,2,2,2,2
4,12,5,3,1503,1,3,4,3,3,4,3,41,2,3,1,1,1,2,2,1
4,24,1,8,1311,3,4,4,3,3,3,1,26,2,2,1,1,2,2,2,1
4,24,1,8,3105,5,2,4,4,3,2,2,25,2,2,2,1,1,2,2,1
3,21,4,5,2319,1,2,2,1,3,1,2,33,2,3,1,1,1,2,2,2
1,6,1,2,1374,5,5,4,2,3,3,1,75,2,2,1,1,2,2,1,1
2,18,4,6,3612,1,1,3,2,3,4,1,37,2,2,1,1,2,2,2,1
1,48,1,2,7763,1,1,4,4,3,4,4,42,1,1,1,1,1,2,1,2
3,18,1,6,3049,1,2,1,2,3,1,1,45,3,2,1,1,1,2,4,1
2,12,1,8,1534,1,2,1,3,3,1,3,23,2,3,1,1,1,2,2,2
4,24,5,2,2032,1,1,4,4,3,4,4,60,2,1,2,1,2,2,2,1
1,30,1,6,6350,5,1,4,4,3,4,1,31,2,2,1,1,1,2,2,2
3,18,1,6,2864,1,3,2,4,3,1,3,34,2,2,1,2,1,2,4,2
4,12,4,2,1255,1,1,4,4,3,4,3,61,2,2,2,1,1,2,4,1
1,24,5,2,1333,1,5,4,4,3,2,3,43,2,1,2,2,1,2,2,2
4,24,4,2,2022,1,3,4,2,3,4,2,37,2,2,1,1,2,2,2,1
4,24,1,8,1552,1,4,3,4,3,1,2,32,1,2,1,2,1,2,2,1
1,12,3,8,626,1,3,4,2,3,4,3,24,1,2,1,1,1,2,4,2
4,48,4,3,8858,5,4,2,4,3,1,4,35,2,1,2,1,2,2,2,1
4,12,4,9,996,5,4,4,2,3,4,3,23,2,2,2,1,1,2,2,1
4,6,3,8,1750,4,1,2,4,3,4,1,45,1,2,1,2,1,2,4,1
1,48,1,8,6999,1,4,1,3,2,1,3,34,2,2,2,1,2,2,2,2
2,12,4,2,1995,3,2,4,4,3,1,2,27,2,2,1,1,1,2,2,1
2,9,1,5,1199,1,4,4,2,3,4,1,67,2,2,2,1,2,2,1,1
2,12,1,8,1331,1,2,2,4,3,1,2,22,3,2,1,1,1,2,2,2
2,18,2,2,2278,3,2,3,2,3,3,2,28,2,2,2,1,1,2,2,2
4,21,2,2,5003,5,3,1,2,3,4,1,29,1,2,2,1,2,2,2,2
1,24,3,6,3552,1,4,3,4,3,4,2,27,1,2,1,1,1,2,2,2
2,18,4,6,1928,1,2,2,4,3,2,3,31,2,2,2,1,1,2,4,2
1,24,1,3,2964,5,1,4,4,3,4,4,49,1,1,1,2,2,2,2,1
1,24,3,8,1546,1,4,4,4,2,4,2,24,1,3,1,1,1,2,4,2
3,6,5,8,683,1,2,2,2,3,1,1,29,1,2,1,1,1,2,2,1
2,36,1,2,12389,5,3,1,4,3,4,4,37,2,1,1,1,2,2,2,2
2,24,5,1,4712,5,3,4,4,3,2,1,37,1,2,2,1,2,2,1,1
2,24,5,8,1553,3,4,3,2,3,2,1,23,2,3,2,1,2,2,2,1
1,12,1,2,1372,1,4,2,1,3,3,2,36,2,2,1,1,1,2,2,2
4,24,4,8,2578,2,1,2,4,3,2,2,34,2,2,1,1,1,2,2,1
2,48,1,8,3979,5,4,4,4,3,1,2,41,2,2,2,2,2,2,2,1
1,48,1,8,6758,1,3,3,2,3,2,2,31,2,2,1,1,2,2,2,2
1,24,1,6,3234,1,2,4,2,3,4,3,23,2,3,1,1,2,2,4,2
4,30,4,8,5954,1,4,3,4,1,2,2,38,2,2,1,1,1,2,2,1
4,24,1,3,5433,5,5,2,2,3,4,1,26,2,3,1,1,2,2,1,1
1,15,1,1,806,1,3,4,2,3,4,1,22,2,2,1,1,1,2,4,1
2,9,1,8,1082,1,1,4,4,3,4,2,27,2,2,2,1,1,2,4,1
4,15,4,6,2788,1,4,2,2,1,3,2,24,1,2,2,1,1,2,2,1
2,12,1,8,2930,1,4,2,2,3,1,3,27,2,2,1,1,1,2,2,1
4,24,4,5,1927,5,3,3,2,3,2,2,33,2,2,2,1,2,2,2,1
2,36,4,2,2820,1,2,4,1,3,4,2,27,2,2,2,1,1,2,2,2
4,24,1,10,937,1,2,4,3,3,3,2,27,2,2,2,1,1,2,4,1
2,18,4,2,1056,1,1,3,4,2,3,3,30,1,2,2,1,1,2,2,2
2,12,4,2,3124,1,2,1,4,3,3,3,49,1,2,2,2,1,2,4,1
4,9,1,6,1388,1,3,4,2,3,2,3,26,2,3,1,1,1,2,2,1
2,36,1,9,2384,1,2,4,4,3,1,4,33,2,3,1,1,1,2,4,2
4,12,1,2,2133,5,1,4,2,3,4,4,52,2,1,1,1,2,2,1,1
1,18,1,6,2039,1,3,1,2,3,4,3,20,1,3,1,1,1,2,2,2
1,9,4,2,2799,1,3,2,4,3,2,3,36,2,3,2,2,1,2,2,1
1,12,1,6,1289,1,3,4,4,2,1,1,21,2,2,1,1,1,2,4,1
1,18,1,4,1217,1,3,4,3,3,3,3,47,2,2,1,1,2,2,4,2
1,12,4,6,2246,1,1,3,4,3,3,1,60,2,2,2,1,1,2,2,2
1,12,4,8,385,1,4,4,2,3,3,3,58,2,2,4,1,2,2,4,1
2,24,5,2,1965,5,3,4,2,3,4,2,42,2,3,2,1,2,2,2,1
4,21,1,1,1572,2,1,4,2,3,4,3,36,1,2,1,1,1,2,4,1
2,24,1,2,2718,1,3,3,2,3,4,1,20,2,3,1,1,2,2,4,2
1,24,3,7,1358,5,1,4,4,3,3,2,40,3,2,1,1,2,2,1,2
2,6,3,2,931,3,2,1,2,3,1,1,32,3,2,1,1,1,2,4,2
1,24,1,2,1442,1,4,4,2,3,4,2,23,2,3,2,1,1,2,2,2
2,24,2,1,4241,1,3,1,4,3,4,3,36,2,2,3,1,2,2,4,2
4,18,4,2,2775,1,4,2,4,3,2,1,31,1,2,2,1,1,2,2,2
4,24,5,1,3863,1,3,1,4,3,2,4,32,2,1,1,1,1,2,2,1
2,7,1,8,2329,1,2,1,2,2,1,3,45,2,2,1,1,1,2,2,1
2,9,1,6,918,1,3,4,2,3,1,1,30,2,2,1,1,1,2,2,2
2,24,3,5,1837,1,4,4,2,3,4,4,34,1,1,1,1,1,2,4,2
4,36,1,6,3349,1,3,4,2,3,2,2,28,2,2,1,1,2,2,1,2
3,10,1,6,1275,1,2,4,2,3,2,1,23,2,2,1,1,1,2,2,1
1,24,3,6,2828,4,3,4,4,3,4,3,22,3,2,1,1,2,2,2,1
4,24,4,1,4526,1,3,3,4,3,2,3,74,2,2,1,1,2,2,1,1
2,36,1,8,2671,3,3,4,2,1,4,4,50,2,1,1,1,1,2,2,2
4,18,1,8,2051,1,2,4,4,3,1,3,33,2,2,1,1,1,2,2,1
4,15,1,3,1300,5,1,4,4,3,4,4,45,1,1,1,2,1,2,2,1
1,12,1,4,741,3,5,4,2,3,3,1,22,2,2,1,1,1,2,2,2
3,10,1,2,1240,3,1,1,2,3,4,4,48,2,1,1,2,1,2,4,2
1,21,1,8,3357,2,2,4,2,3,2,2,29,1,2,1,1,1,2,2,1
1,24,3,3,3632,1,3,1,2,2,4,2,22,1,3,1,1,1,1,2,1
4,18,5,6,1808,1,4,4,2,3,1,3,22,2,2,1,1,1,2,2,2
2,48,2,1,12204,5,3,2,4,3,2,2,48,1,2,1,1,2,2,1,1
2,60,5,8,9157,5,3,2,4,3,2,4,27,2,1,1,1,1,2,1,1
1,6,4,2,3676,1,3,1,4,3,3,3,37,2,3,3,2,1,2,2,1
2,30,1,6,3441,3,3,2,2,1,4,2,21,2,3,1,1,1,2,2,2
4,12,1,2,640,1,3,4,1,3,2,3,49,2,2,1,1,1,2,4,1
2,21,4,1,3652,1,4,2,4,3,3,1,27,2,2,2,1,1,2,2,1
4,18,4,2,1530,1,3,3,4,3,2,1,32,1,2,2,1,1,2,2,2
4,48,1,1,3914,5,3,4,1,3,2,3,38,1,2,1,1,1,2,2,2
1,12,1,6,1858,1,2,4,2,3,1,2,22,2,3,1,1,1,2,2,1
1,18,1,8,2600,1,3,4,4,3,4,4,65,2,1,2,1,1,2,2,2
4,15,1,8,1979,5,1,4,4,3,2,2,35,2,2,1,1,1,2,2,1
3,6,1,6,2116,1,3,2,4,3,2,3,41,2,2,1,1,2,2,2,1
2,9,3,2,1437,3,4,2,4,3,3,4,29,2,2,1,1,1,2,2,2
4,42,4,6,4042,4,3,4,4,3,4,3,36,2,2,2,1,2,2,2,1
4,9,1,5,3832,5,1,1,4,3,4,3,64,2,2,1,1,1,2,4,1
1,24,1,8,3660,1,3,2,2,3,4,2,28,2,2,1,1,1,2,2,1
1,18,3,6,1553,1,3,4,4,3,3,2,44,1,2,1,1,1,2,2,2
2,15,1,8,1444,5,2,4,4,3,1,1,23,2,2,1,1,1,2,2,1
4,9,1,6,1980,1,2,2,2,1,2,2,19,2,3,2,1,1,2,2,2
2,24,1,2,1355,1,2,3,2,3,4,2,25,2,2,1,1,2,2,4,2
4,12,1,5,1393,1,1,4,4,3,4,1,47,1,2,3,2,2,2,2,1
4,24,1,8,1376,4,4,4,2,3,1,2,28,2,2,1,1,1,2,2,1
4,60,5,8,15653,1,4,2,4,3,4,2,21,2,2,2,1,2,2,2,1
4,12,1,8,1493,1,2,4,2,3,3,2,34,2,2,1,2,1,2,2,1
1,42,5,8,4370,1,4,3,4,3,2,1,26,1,2,2,2,2,2,2,2
1,18,1,5,750,1,5,4,2,3,1,3,27,2,2,1,1,1,2,3,2
2,15,1,9,1308,1,1,4,4,3,4,2,38,2,2,2,1,1,2,4,1
4,15,1,5,4623,3,3,3,4,3,2,1,40,2,2,1,1,2,2,1,2
4,24,4,8,1851,1,4,4,3,2,2,2,33,2,2,2,1,2,2,2,1
1,18,4,8,1880,1,4,4,3,3,1,1,32,2,2,2,1,2,2,1,1
4,36,5,1,7980,5,2,4,4,3,4,2,27,2,3,2,1,2,2,2,2
1,30,2,6,4583,1,3,2,1,2,2,3,32,2,2,2,1,1,2,2,1
4,12,1,2,1386,4,3,2,2,3,2,1,26,2,2,1,1,1,2,2,2
3,24,1,2,947,1,4,4,4,3,3,4,38,1,1,1,2,1,2,2,2
1,12,1,5,684,1,3,4,4,3,4,2,40,2,3,1,2,1,2,4,2
1,48,1,5,7476,1,4,4,4,3,1,4,50,2,1,1,1,2,2,1,1
2,12,1,6,1922,1,3,4,4,3,2,1,37,2,2,1,1,1,2,4,2
1,24,1,2,2303,1,1,4,4,1,1,3,45,2,2,1,1,1,2,2,2
2,36,5,2,8086,3,1,2,4,3,4,2,42,2,2,4,1,2,2,1,2
4,24,4,3,2346,1,4,4,4,3,3,2,35,2,2,2,1,2,2,2,1
1,14,1,2,3973,1,5,1,4,3,4,4,22,2,1,1,1,1,2,2,1
2,12,1,2,888,1,1,4,4,3,4,2,41,1,2,1,2,1,2,4,2
4,48,1,8,10222,5,4,4,4,3,3,2,37,3,2,1,1,2,2,2,1
2,30,2,1,4221,1,3,2,2,3,1,2,28,2,2,2,1,1,2,2,1
2,18,4,6,6361,1,1,2,4,3,1,4,41,2,2,1,1,2,2,2,1
3,12,1,8,1297,1,3,3,3,3,4,3,23,2,3,1,1,1,2,2,1
1,12,1,2,900,5,3,4,3,3,2,2,23,2,2,1,1,1,2,2,2
4,21,1,6,2241,1,1,4,4,3,2,3,50,2,2,2,1,1,2,2,1
2,6,5,6,1050,1,5,4,4,3,1,1,35,3,2,2,1,2,2,1,1
3,6,4,5,1047,1,3,2,2,3,4,1,50,2,2,1,1,1,2,4,1
4,24,4,7,6314,1,5,4,4,1,2,4,27,1,2,2,1,2,2,1,1
2,30,3,6,3496,2,3,4,4,3,2,2,34,3,2,1,2,2,2,2,1
4,48,3,1,3609,1,3,1,2,3,1,3,27,3,2,1,1,1,2,2,1
1,12,4,2,4843,1,1,3,4,1,4,1,43,2,3,2,1,2,2,2,2
3,30,4,8,3017,1,1,4,4,3,4,1,47,2,2,1,1,1,2,2,1
4,24,4,1,4139,3,3,3,4,3,3,1,27,2,2,2,1,2,2,4,1
4,36,1,1,5742,3,4,2,4,3,2,2,31,2,2,2,1,2,2,2,1
4,60,1,2,10366,1,1,2,4,3,4,1,42,2,2,1,1,2,2,1,1
4,6,4,2,2080,4,3,1,3,3,2,2,24,2,2,1,1,1,2,2,1
4,21,5,1,2580,4,2,4,4,3,2,3,41,1,2,1,2,1,2,4,2
4,30,4,8,4530,1,4,4,2,3,4,2,26,2,3,1,1,2,2,1,1
4,24,4,6,5150,1,1,4,4,3,4,2,33,2,2,1,1,2,2,2,1
2,72,1,8,5595,3,3,2,3,3,2,2,24,2,2,1,1,1,2,2,2
1,24,1,8,2384,1,1,4,4,3,4,3,64,1,3,1,1,1,2,4,1
4,18,1,8,1453,1,2,3,2,3,1,3,26,2,2,1,1,1,2,2,1
4,6,1,5,1538,1,2,1,2,3,2,4,56,2,2,1,1,1,2,2,1
4,12,1,8,2279,5,3,4,4,3,4,4,37,2,1,1,1,2,2,2,1
4,15,5,8,1478,1,3,4,3,3,3,3,33,1,2,2,1,1,2,2,1
4,24,4,8,5103,1,2,3,3,3,3,4,47,2,1,3,1,2,2,2,1
2,36,5,1,9857,3,4,1,4,3,3,1,31,2,2,2,2,2,2,4,1
4,60,1,2,6527,5,3,4,4,3,4,4,34,2,1,1,2,2,2,2,1
3,10,4,8,1347,5,4,4,4,3,2,1,27,2,2,2,1,2,2,2,1
2,36,5,2,2862,3,1,4,4,3,3,4,30,2,1,1,1,1,2,2,1
4,9,1,8,2753,3,1,3,4,1,4,2,35,2,2,1,1,2,2,2,1
1,12,1,2,3651,2,3,1,4,3,3,1,31,2,2,1,2,1,2,2,1
1,15,4,6,975,1,3,2,1,3,3,1,25,2,2,2,1,1,2,2,1
2,15,1,9,2631,3,3,3,2,3,2,3,25,2,2,1,1,1,2,4,1
2,24,1,8,2896,3,2,2,4,3,1,2,29,2,2,1,1,1,2,2,1
1,6,4,2,4716,5,2,1,4,3,3,3,44,2,2,2,2,1,2,4,1
4,24,1,8,2284,1,4,4,4,3,2,2,28,2,2,1,1,2,2,2,1
4,6,1,3,1236,4,3,2,4,3,4,1,50,2,3,1,1,1,2,2,1
2,12,1,8,1103,1,4,4,4,2,3,3,29,2,2,2,1,1,1,2,1
4,12,4,2,926,1,5,1,2,3,2,1,38,2,2,1,1,1,2,3,1
4,18,4,8,1800,1,3,4,4,3,2,2,24,2,2,2,1,1,2,2,1
3,15,1,5,1905,1,1,4,4,3,4,2,40,2,3,1,1,2,2,1,1
4,12,1,6,1123,4,3,4,2,3,4,2,29,2,3,1,1,1,2,4,2
1,48,4,3,6331,1,1,4,4,3,4,4,46,2,1,2,1,2,2,2,2
3,24,1,8,1377,3,1,4,2,3,2,4,47,2,1,1,1,2,2,2,1
2,30,5,1,2503,3,1,4,4,3,2,1,41,3,2,2,1,1,2,2,1
2,27,1,1,2528,1,2,4,2,3,1,1,32,2,2,1,2,2,2,2,1
4,15,1,2,5324,4,1,1,2,3,4,4,35,2,1,1,1,1,2,2,1
2,48,1,2,6560,3,4,3,4,3,2,1,24,2,2,1,1,1,2,2,2
2,12,2,6,2969,1,2,4,2,3,3,1,25,2,3,2,1,1,2,2,2
2,9,1,8,1206,1,1,4,2,3,4,3,25,2,2,1,1,1,2,2,1
2,9,1,8,2118,1,3,2,4,3,2,3,37,2,2,1,2,1,2,4,1
4,18,4,8,629,4,1,4,4,3,3,1,32,1,2,2,1,2,2,1,1
1,6,3,5,1198,1,1,4,2,3,4,4,35,2,1,1,1,1,2,2,2
4,21,1,3,2476,5,1,4,4,3,4,3,46,2,2,1,1,2,2,1,1
1,9,4,8,1138,1,3,4,4,3,4,3,25,2,2,2,1,1,2,4,1
2,60,1,2,14027,1,4,4,4,3,2,4,27,2,2,1,1,2,2,1,2
4,30,4,3,7596,5,1,1,4,3,4,2,63,2,2,2,1,1,2,2,1
4,30,4,8,3077,5,1,3,4,3,2,2,40,2,2,2,2,2,2,2,1
4,18,1,8,1505,1,3,4,4,3,2,4,32,2,1,1,1,2,2,1,1
3,24,4,8,3148,5,3,3,4,3,2,2,31,2,2,2,1,2,2,2,1
2,20,2,3,6148,3,1,3,3,3,4,2,31,1,2,2,1,2,2,2,1
3,9,2,8,1337,1,2,4,4,3,2,2,34,2,2,2,1,2,2,1,2
2,6,3,5,433,2,2,4,2,3,2,1,24,1,3,1,2,1,2,2,2
1,12,1,2,1228,1,3,4,2,3,2,3,24,2,2,1,1,1,2,4,2
2,9,1,8,790,4,3,4,2,3,3,3,66,2,2,1,1,1,2,4,1
4,27,1,2,2570,1,3,3,2,3,3,3,21,2,3,1,1,1,2,2,2
4,6,4,2,250,2,3,2,2,3,2,3,41,1,2,2,1,1,2,4,1
4,15,4,8,1316,4,3,2,3,3,2,1,47,2,2,2,1,1,2,4,1
1,18,1,8,1882,1,3,4,2,3,4,2,25,1,3,2,1,1,2,2,2
2,48,3,1,6416,1,1,4,2,3,3,4,59,2,3,1,1,1,2,2,2
3,24,4,1,1275,2,3,2,1,3,4,3,36,2,2,2,1,2,2,2,1
2,24,5,8,6403,1,2,1,4,3,2,2,33,2,2,1,1,1,2,2,1
1,24,1,8,1987,1,3,2,4,3,4,3,21,2,3,1,2,1,2,4,2
2,8,1,8,760,1,4,4,2,2,2,3,44,2,2,1,1,1,2,4,1
4,24,1,3,2603,2,3,2,2,3,4,2,28,2,3,1,1,2,2,2,1
4,4,4,2,3380,1,4,1,2,3,1,3,37,2,2,1,2,1,2,2,1
2,36,3,4,3990,5,2,3,2,3,2,4,29,1,2,1,1,1,2,3,1
2,24,1,3,11560,1,3,1,2,3,4,2,23,2,3,2,1,1,2,1,2
1,18,1,2,4380,3,3,3,4,3,4,2,35,2,2,1,2,2,2,4,1
4,6,4,2,6761,1,4,1,4,3,3,4,45,2,2,2,2,2,2,1,1
2,30,2,1,4280,3,3,4,2,3,4,2,26,2,3,2,1,1,2,4,2
1,24,3,2,2325,3,4,2,4,3,3,2,32,1,2,1,1,1,2,2,1
2,10,3,8,1048,1,3,4,4,3,4,3,23,3,2,1,1,1,2,4,1
4,21,1,8,3160,5,1,4,4,3,3,1,41,2,2,1,1,2,2,2,1
1,24,3,6,2483,4,3,4,4,3,4,3,22,3,2,1,1,2,2,2,1
1,39,4,6,14179,5,4,4,4,3,4,1,30,2,2,2,1,2,2,1,1
1,13,4,1,1797,1,2,3,4,3,1,1,28,1,2,2,1,1,2,4,1
1,15,1,2,2511,1,5,1,2,3,4,2,23,2,3,1,1,1,2,2,1
1,12,1,2,1274,1,2,3,2,3,1,3,37,2,2,1,1,1,2,4,2
4,21,1,3,5248,5,3,1,4,3,3,2,26,2,2,1,1,1,2,2,1
4,15,1,3,3029,1,4,2,4,3,2,2,33,2,2,1,1,1,2,2,1
1,6,1,6,428,1,1,2,2,3,1,1,49,1,2,1,1,2,2,2,1
1,18,1,2,976,1,2,1,2,3,2,2,23,2,2,1,1,1,2,4,2
2,12,1,1,841,3,4,2,2,3,4,3,23,2,3,1,1,1,2,4,1
4,30,4,8,5771,1,4,4,2,3,2,2,25,2,2,2,1,1,2,2,1
4,12,5,9,1555,2,1,4,4,3,4,4,55,2,1,2,2,1,2,2,2
1,24,1,2,1285,5,4,4,2,3,4,4,32,2,3,1,1,1,2,2,2
3,6,4,2,1299,1,3,1,4,3,1,3,74,2,2,3,2,1,1,3,1
3,15,4,8,1271,5,3,3,4,3,4,4,39,2,1,2,1,2,2,2,2
4,24,1,2,1393,1,3,2,4,2,2,3,31,2,2,1,1,2,2,2,1
1,12,4,2,691,1,1,4,4,3,3,1,35,2,2,2,1,1,2,2,2
4,15,4,2,5045,5,1,1,2,3,4,2,59,2,2,1,1,2,2,2,1
1,18,4,6,2124,1,3,4,2,3,4,3,24,2,3,2,1,1,2,2,2
1,12,1,8,2214,1,3,4,4,3,3,1,24,2,2,1,1,1,2,4,1
4,21,4,2,12680,5,1,4,4,3,4,4,30,2,1,1,1,2,2,1,2
4,24,4,2,2463,3,4,4,3,3,3,1,27,2,2,2,1,2,2,2,1
2,12,1,8,1155,1,1,3,3,2,3,3,40,1,2,2,1,1,2,4,1
1,30,1,6,3108,1,2,2,1,3,4,1,31,2,2,1,1,1,2,4,2
4,10,1,3,2901,5,2,1,2,3,4,3,31,2,3,1,1,1,2,2,1
2,12,4,6,3617,1,1,1,4,3,4,2,28,2,3,3,1,2,2,2,1
4,12,4,8,1655,1,1,2,4,3,4,3,63,2,2,2,1,2,2,4,1
1,24,1,3,2812,5,1,2,2,3,4,3,26,2,3,1,1,1,2,2,1
1,36,4,5,8065,1,3,3,2,3,2,4,25,2,2,2,1,2,2,1,2
4,21,4,3,3275,1,1,1,4,3,4,2,36,2,2,1,1,2,2,1,1
4,24,4,8,2223,3,1,4,4,3,4,1,52,1,2,2,1,1,2,2,1
3,12,4,2,1480,4,5,2,4,3,4,4,66,1,1,3,1,1,2,3,1
1,24,1,2,1371,5,3,4,2,3,4,3,25,2,3,1,1,1,2,2,2
4,36,4,2,3535,1,4,4,4,3,4,2,37,2,2,2,1,2,2,2,1
1,18,1,8,3509,1,4,4,2,2,1,3,25,2,2,1,1,1,2,2,1
4,36,4,3,5711,2,1,4,4,3,2,2,38,2,2,2,1,2,2,1,1
2,18,1,9,3872,1,5,2,2,3,4,2,67,2,2,1,1,2,2,2,1
2,39,4,8,4933,1,4,2,4,2,2,3,25,2,2,2,1,1,2,2,2
4,24,4,2,1940,2,1,4,4,3,4,3,60,2,2,1,1,2,2,2,1
2,12,2,10,1410,1,3,2,4,3,2,3,31,2,2,1,1,2,2,4,1
2,12,1,2,836,3,2,4,2,3,2,1,23,1,2,1,1,1,2,4,2
2,20,1,3,6468,5,5,1,1,3,4,3,60,2,2,1,1,2,2,1,1
2,18,1,1,1941,2,3,4,4,3,2,1,35,2,2,1,1,2,2,4,1
4,22,1,8,2675,4,1,3,4,3,4,2,40,2,2,1,1,1,2,2,1
4,48,4,3,2751,5,1,4,4,3,3,2,38,2,2,2,2,2,2,2,1
2,48,5,5,6224,1,1,4,4,3,4,4,50,2,1,1,1,1,2,2,2
1,40,4,5,5998,1,3,4,4,3,3,4,27,1,2,1,1,2,2,2,2
2,21,1,1,1188,1,1,2,2,3,4,1,39,2,2,1,2,1,2,2,2
4,24,1,3,6313,5,1,3,4,3,4,2,41,2,2,1,2,2,2,1,1
4,6,4,6,1221,5,3,1,3,3,2,1,27,2,2,2,1,1,2,2,1
3,24,1,6,2892,1,1,3,1,3,4,4,51,2,1,1,1,1,2,2,1
4,24,1,6,3062,4,1,4,4,3,3,4,32,2,3,1,1,2,2,2,1
4,9,1,6,2301,3,2,2,2,3,4,1,22,2,3,1,1,1,2,2,1
1,18,1,3,7511,5,1,1,4,3,4,1,51,2,1,1,2,2,2,2,2
4,12,4,6,1258,1,2,2,2,3,4,1,22,2,3,2,1,1,2,4,1
4,24,5,2,717,5,1,4,3,3,4,2,54,2,2,2,1,2,2,2,1
2,9,1,2,1549,5,2,4,4,3,2,3,35,2,2,1,1,1,2,3,1
4,24,4,5,1597,1,1,4,4,3,4,4,54,2,1,2,2,1,2,2,1
2,18,4,8,1795,1,1,3,2,2,4,3,48,1,3,2,1,2,2,4,1
1,20,4,6,4272,1,1,1,2,3,4,1,24,2,2,2,1,1,2,2,1
4,12,4,8,976,5,1,4,4,3,4,2,35,2,2,2,1,1,2,2,1
2,12,1,2,7472,5,5,1,2,3,2,3,24,2,3,1,1,1,2,3,1
1,36,1,2,9271,1,4,2,4,3,1,2,24,2,2,1,1,2,2,2,2
2,6,1,8,590,1,2,3,3,3,3,3,26,2,2,1,1,1,1,4,1
4,12,4,8,930,5,1,4,4,3,4,3,65,2,2,4,1,1,2,2,1
2,42,3,3,9283,1,5,1,4,3,2,4,55,1,1,1,1,2,2,1,1
2,15,2,2,1778,1,2,2,2,3,1,3,26,2,3,2,1,1,2,3,2
2,8,1,1,907,1,2,3,3,3,2,3,26,2,2,1,1,2,2,2,1
2,6,1,8,484,1,4,3,3,2,3,3,28,1,2,1,1,1,2,4,1
1,36,4,3,9629,1,4,4,4,3,4,2,24,2,2,2,1,2,2,2,2
1,48,1,4,3051,1,3,3,4,3,4,2,54,2,2,1,1,1,2,2,2
1,48,1,2,3931,1,4,4,4,3,4,4,46,2,1,1,2,1,2,2,2
2,36,5,2,7432,1,3,2,2,3,2,1,54,2,3,1,1,1,2,2,1
4,6,1,4,1338,4,3,1,1,3,4,3,62,2,2,1,1,1,2,2,1
4,6,4,8,1554,1,4,1,2,3,2,2,24,2,3,2,1,2,2,2,1
1,36,1,7,15857,1,5,2,1,1,3,2,43,2,2,1,1,1,2,1,1
1,18,1,8,1345,1,3,4,3,3,3,3,26,1,2,1,1,1,2,2,2
4,12,1,2,1101,1,3,3,3,3,2,3,27,2,2,2,1,2,2,2,1
3,12,1,8,3016,1,3,3,3,3,1,2,24,2,2,1,1,1,2,2,1
1,36,1,6,2712,1,1,2,4,3,2,1,41,1,2,1,2,1,2,2,2
1,8,4,2,731,1,1,4,4,3,4,3,47,2,2,2,1,1,2,4,1
4,18,4,6,3780,1,2,3,1,3,2,2,35,2,2,2,1,2,2,1,1
1,21,4,2,1602,1,1,4,3,3,3,2,30,2,2,2,1,2,2,2,1
1,18,4,2,3966,1,1,1,2,3,4,3,33,1,3,3,1,2,2,2,2
4,18,2,1,4165,1,3,2,4,3,2,2,36,3,2,2,2,1,2,2,2
1,36,1,3,8335,5,1,3,4,3,4,4,47,2,1,1,1,1,2,2,2
2,48,5,1,6681,5,3,4,4,3,4,4,38,2,1,1,2,2,2,2,1
4,24,5,1,2375,4,3,4,4,3,2,2,44,2,2,2,2,2,2,2,1
1,18,1,2,1216,1,2,4,2,3,3,2,23,2,3,1,1,2,2,2,2
1,45,2,1,11816,1,1,2,4,3,4,2,29,2,3,2,1,1,2,2,2
2,24,1,8,5084,5,1,2,2,3,4,2,42,2,2,1,1,2,2,2,1
3,15,1,8,2327,1,2,2,2,3,3,3,25,2,2,1,1,1,2,4,2
1,12,2,2,1082,1,3,4,4,3,4,2,48,1,2,2,1,1,2,2,2
4,12,1,8,886,5,3,4,2,3,2,2,21,2,2,1,1,1,2,2,1
4,4,1,6,601,1,2,1,2,3,3,3,23,2,3,1,2,1,2,4,1
1,24,4,3,2957,1,1,4,4,3,4,1,63,2,2,2,1,2,2,2,1
4,24,4,8,2611,1,1,4,3,1,3,3,46,2,2,2,1,1,2,2,1
1,36,1,6,5179,1,4,4,4,3,2,1,29,2,2,1,1,1,2,2,2
4,21,5,3,2993,1,3,3,4,3,2,3,28,3,2,2,1,1,2,4,1
4,18,1,9,1943,1,2,4,2,3,4,3,23,2,2,1,1,1,2,2,2
4,24,3,1,1559,1,4,4,4,3,4,2,50,1,2,1,1,2,2,2,1
4,18,1,6,3422,1,1,4,4,3,4,1,47,1,2,3,2,2,2,2,1
2,21,1,6,3976,5,4,2,4,3,3,2,35,2,2,1,1,2,2,2,1
4,18,1,2,6761,5,3,2,4,3,4,2,68,2,3,2,1,1,2,2,2
4,24,1,2,1249,1,2,4,3,3,2,3,28,2,2,1,1,1,2,2,1
1,9,1,8,1364,1,4,3,4,3,4,3,59,2,2,1,1,1,2,2,1
1,12,1,8,709,1,1,4,4,3,4,3,57,3,2,1,1,1,2,4,2
1,20,4,2,2235,1,3,4,3,2,2,1,33,1,3,2,1,1,1,2,2
4,24,4,3,4042,5,4,3,4,3,4,1,43,2,2,2,1,2,2,2,1
4,15,4,8,1471,1,3,4,4,3,4,4,35,2,1,2,1,2,2,2,1
1,18,3,2,1442,1,4,4,4,3,4,4,32,2,1,2,2,1,2,4,2
4,36,5,2,10875,1,1,2,4,3,2,2,45,2,2,2,2,2,2,2,1
4,24,1,2,1474,3,2,4,3,3,3,3,33,2,2,1,1,2,2,2,1
4,10,1,10,894,5,4,4,2,3,3,1,40,2,2,1,1,2,2,2,1
4,15,4,6,3343,1,3,4,4,3,2,4,28,2,1,1,1,2,2,2,1
1,15,1,2,3959,1,3,3,2,3,2,1,29,2,2,1,1,2,2,2,2
4,9,1,2,3577,3,3,1,4,2,2,3,26,2,3,1,2,1,1,2,1
4,24,4,3,5804,2,3,4,4,3,2,3,27,2,2,2,1,1,2,2,1
4,18,5,1,2169,1,3,4,3,3,2,2,28,2,2,1,1,2,2,2,2
1,24,1,8,2439,1,2,4,2,3,4,3,35,2,2,1,1,2,2,2,2
4,27,4,6,4526,2,2,4,4,3,2,3,32,3,2,2,2,2,2,4,1
4,10,1,6,2210,1,3,2,4,3,2,3,25,1,3,1,1,1,2,4,2
4,15,1,6,2221,4,3,2,2,3,4,2,20,2,3,1,1,1,2,2,1
1,18,1,8,2389,1,2,4,2,3,1,2,27,3,2,1,1,1,2,2,1
4,12,4,6,3331,1,1,2,4,3,4,1,42,3,2,1,1,1,2,2,1
4,36,1,1,7409,5,1,3,4,3,2,1,37,2,2,2,1,1,2,2,1
1,12,1,6,652,1,1,4,2,3,4,1,24,2,3,1,1,1,2,2,1
4,36,5,6,7678,4,4,2,2,3,4,2,40,2,2,2,1,2,2,2,1
3,6,4,2,1343,1,1,1,4,3,4,3,46,2,2,2,2,1,1,2,1
1,24,4,1,1382,3,4,4,4,3,1,3,26,2,2,2,1,2,2,2,1
4,15,1,4,874,5,2,4,2,3,1,3,24,2,2,1,1,1,2,2,1
1,12,1,6,3590,1,3,2,4,1,2,1,29,2,2,1,2,1,2,4,1
2,11,4,2,1322,2,3,4,2,3,4,2,40,2,2,2,1,1,2,2,1
1,18,3,8,1940,1,2,3,4,1,4,4,36,1,1,1,1,2,2,1,1
4,36,1,8,3595,1,1,4,4,3,2,2,28,2,2,1,1,1,2,2,1
1,9,1,2,1422,1,2,3,4,3,2,4,27,2,1,1,1,2,2,1,2
4,30,4,8,6742,5,4,2,4,3,3,1,36,2,2,2,1,1,2,2,1
4,24,1,3,7814,1,4,3,4,3,3,2,38,2,2,1,1,2,2,1,1
4,24,1,3,9277,5,3,2,1,3,4,4,48,2,1,1,1,2,2,2,1
2,30,4,2,2181,5,1,4,4,3,4,3,36,2,2,2,1,1,2,2,1
4,18,4,8,1098,1,5,4,2,3,4,2,65,2,2,2,1,1,2,3,1
2,24,1,6,4057,1,4,3,1,3,3,2,43,2,2,1,1,2,2,2,2
1,12,1,5,795,1,2,4,2,3,4,1,53,2,2,1,1,1,2,2,2
2,24,4,1,2825,5,4,4,4,3,3,4,34,2,2,2,2,2,2,2,1
2,48,1,1,15672,1,3,2,4,3,2,2,23,2,2,1,1,2,2,2,2
4,36,4,2,6614,1,1,4,4,3,4,2,34,2,2,2,1,2,2,1,1
4,28,3,3,7824,5,2,3,4,2,4,3,40,1,3,2,2,2,2,2,1
1,27,4,1,2442,1,1,4,4,3,4,2,43,3,2,4,2,2,2,1,1
4,15,4,8,1829,1,1,4,4,3,4,2,46,2,2,2,1,2,2,2,1
1,12,4,2,2171,1,3,4,4,3,4,1,38,1,2,2,1,1,1,4,1
2,36,4,3,5800,1,3,3,4,3,4,2,34,2,2,2,1,2,2,2,1
4,18,4,8,1169,5,3,4,4,3,3,1,29,2,2,2,1,2,2,2,1
4,36,5,3,8947,5,4,3,4,3,2,2,31,3,2,1,2,2,2,1,1
1,21,1,8,2606,1,2,4,2,3,4,1,28,2,3,1,1,2,2,1,1
4,12,4,6,1592,2,4,3,2,3,2,1,35,2,2,1,1,1,1,2,1
4,15,1,6,2186,5,4,1,2,3,4,3,33,1,3,1,1,1,2,4,1
1,18,1,6,4153,1,3,2,4,1,3,2,42,2,2,1,1,1,2,2,2
1,16,4,2,2625,1,1,2,4,2,4,1,43,1,3,1,1,2,2,2,2
4,20,4,2,3485,5,2,2,1,3,4,3,44,2,2,2,1,2,2,2,1
4,36,4,3,10477,5,1,2,4,3,4,4,42,2,1,2,1,1,2,2,1
4,15,1,8,1386,5,3,4,3,3,2,3,40,2,3,1,1,2,2,2,1
4,24,1,8,1278,1,1,4,4,3,1,3,36,2,2,1,1,2,2,1,1
1,12,1,8,1107,1,3,2,4,3,2,3,20,2,3,1,2,2,2,1,1
1,21,1,2,3763,5,4,2,4,1,2,3,24,2,2,1,1,1,1,4,1
2,36,1,5,3711,5,3,2,3,3,2,2,27,2,2,1,1,1,2,2,1
4,15,5,3,3594,1,2,1,2,3,2,1,46,2,2,2,1,1,2,4,1
2,9,1,2,3195,5,3,1,2,3,2,3,33,2,2,1,1,1,2,4,1
4,36,5,8,4454,1,3,4,2,3,4,3,34,2,2,2,1,1,2,2,1
2,24,4,6,4736,1,2,2,2,3,4,2,25,1,2,1,1,1,2,4,2
2,30,1,8,2991,5,1,2,2,3,4,2,25,2,2,1,1,1,2,2,1
4,11,1,1,2142,2,1,1,1,3,2,3,28,2,2,1,1,2,2,2,1
1,24,3,1,3161,1,3,4,4,3,2,1,31,2,3,1,1,2,2,2,2
2,48,2,7,18424,1,3,1,2,3,2,1,32,1,2,1,1,2,1,1,2
4,10,1,3,2848,3,3,1,4,1,2,3,32,2,2,1,2,1,2,2,1
1,6,1,2,14896,1,1,1,4,3,4,4,68,1,2,1,1,2,2,1,2
1,24,1,6,2359,3,5,1,1,3,1,1,33,2,2,1,1,1,2,2,2
1,24,1,6,3345,1,1,4,4,3,2,1,39,2,3,1,1,2,2,1,2
4,18,4,6,1817,1,3,4,2,3,2,4,28,2,2,2,1,1,2,2,1
4,48,5,8,12749,4,4,4,4,3,1,2,37,2,2,1,1,2,2,1,1
1,9,1,8,1366,1,2,3,2,3,4,1,22,2,3,1,1,1,2,2,2
2,12,1,2,2002,1,4,3,4,3,4,1,30,2,3,1,2,2,2,2,1
1,24,3,6,6872,1,2,2,1,3,1,1,55,1,2,1,1,2,2,2,2
1,12,3,2,697,1,2,4,4,3,2,2,46,1,2,2,1,2,2,2,2
1,18,4,6,1049,1,2,4,2,3,4,1,21,2,3,1,1,1,2,2,1
1,48,1,3,10297,1,4,4,4,3,4,4,39,3,1,3,2,2,2,2,2
4,30,1,8,1867,5,1,4,4,3,4,2,58,2,2,1,1,2,2,2,1
1,12,5,2,1344,1,3,4,4,3,2,3,43,2,2,2,2,1,2,4,1
1,24,1,6,1747,1,2,4,4,1,1,1,24,2,2,1,1,1,1,4,1
2,9,1,8,1670,1,2,4,2,3,2,2,22,2,2,1,1,2,2,2,2
4,9,4,2,1224,1,3,3,4,3,1,3,30,2,2,2,1,1,2,2,1
4,12,4,8,522,4,1,4,4,3,4,1,42,2,2,2,2,2,2,2,1
1,12,1,8,1498,1,3,4,2,3,1,2,23,1,2,1,1,1,2,2,1
2,30,5,8,1919,3,2,4,4,3,3,4,30,3,2,2,1,1,2,1,2
3,9,1,8,745,1,3,3,2,3,2,3,28,2,2,1,1,1,2,4,2
2,6,1,8,2063,1,2,4,3,3,3,2,30,2,3,1,1,2,2,1,1
2,60,1,5,6288,1,3,4,4,3,4,4,42,2,1,1,1,1,2,2,2
4,24,4,3,6842,5,3,2,4,3,4,1,46,2,2,2,2,2,2,1,1
4,12,1,2,3527,5,2,2,4,3,3,1,45,2,2,1,2,2,2,1,1
4,10,1,2,1546,1,3,3,4,3,2,3,31,2,2,1,2,1,1,4,1
4,24,1,6,929,5,4,4,4,3,2,2,31,3,2,1,1,2,2,2,1
4,4,4,2,1455,1,4,2,4,3,1,3,42,2,2,3,2,1,2,4,1
1,15,1,6,1845,1,2,4,2,2,1,1,46,2,3,1,1,1,2,2,1
2,48,2,2,8358,4,2,1,2,3,1,2,30,2,2,2,1,1,2,2,1
1,24,3,6,3349,4,2,4,4,3,4,4,30,2,1,1,2,2,2,2,2
4,12,1,2,2859,5,5,4,4,3,4,4,38,2,2,1,1,2,2,1,1
4,18,1,6,1533,1,2,4,3,1,1,1,43,2,2,1,2,1,2,4,2
4,24,1,8,3621,3,1,2,4,3,4,2,31,2,2,2,1,1,2,2,2
2,18,4,1,3590,1,5,3,3,3,3,2,40,2,2,3,2,2,2,3,1
1,36,5,1,2145,1,4,2,4,3,1,2,24,2,2,2,1,2,2,2,2
2,24,1,3,4113,4,2,3,2,3,4,2,28,2,3,1,1,1,2,2,2
4,36,1,6,10974,1,5,4,2,3,2,2,26,2,2,2,1,2,2,1,2
1,12,1,2,1893,1,3,4,2,2,4,1,29,2,2,1,1,2,2,2,1
1,24,4,8,1231,2,1,4,2,3,4,1,57,2,3,2,1,2,2,1,1
3,30,4,8,3656,5,1,4,4,3,4,1,49,3,2,2,1,1,2,4,1
2,9,4,8,1154,1,1,2,4,3,4,3,37,2,2,3,1,1,2,4,1
1,28,1,2,4006,1,3,3,4,3,2,2,45,2,2,1,1,1,2,4,2
2,24,1,6,3069,3,1,4,4,3,4,4,30,2,1,1,1,1,2,2,1
4,6,4,8,1740,1,1,2,3,3,2,3,30,2,3,2,1,1,2,2,1
2,21,5,2,2353,1,3,1,1,3,4,1,47,2,2,2,1,1,2,2,1
4,15,1,2,3556,5,3,3,4,3,2,4,29,2,2,1,1,1,2,2,1
4,24,1,8,2397,4,1,3,4,3,2,2,35,1,2,2,1,2,2,2,2
2,6,1,9,454,1,2,3,3,3,1,1,22,2,2,1,1,1,2,4,1
2,30,1,8,1715,5,3,4,2,3,1,2,26,2,2,1,1,1,2,2,1
2,27,4,8,2520,4,3,4,4,3,2,1,23,2,2,2,1,1,2,4,2
4,15,1,8,3568,1,1,4,2,3,2,2,54,1,3,1,1,2,2,1,1
4,42,1,8,7166,5,4,2,3,3,4,1,29,2,3,1,1,2,2,2,1
1,11,4,2,3939,1,3,1,4,3,2,3,40,2,2,2,2,1,2,4,1
2,15,1,9,1514,3,3,4,4,2,2,3,22,2,2,1,1,1,2,2,1
4,24,1,2,7393,1,3,1,4,3,4,1,43,2,2,1,2,1,2,4,1
1,24,3,2,1193,1,5,1,2,1,4,4,29,2,3,2,1,1,2,3,2
1,60,1,1,7297,1,1,4,4,1,4,4,36,2,3,1,1,1,2,2,2
4,30,4,8,2831,1,3,4,2,3,2,2,33,2,2,1,1,2,2,2,1
3,24,1,8,1258,4,3,3,2,3,3,2,57,2,2,1,1,1,2,4,1
2,6,1,8,753,1,3,2,2,2,3,3,64,2,2,1,1,1,2,2,1
2,18,5,1,2427,5,1,4,4,3,2,1,42,2,2,2,1,1,2,2,1
4,24,5,2,2538,1,1,4,4,3,4,2,47,2,2,2,2,1,2,4,2
2,15,3,2,1264,3,3,2,3,3,2,1,25,2,3,1,1,1,2,2,2
2,30,4,6,8386,1,4,2,4,3,2,1,49,2,2,1,1,1,2,2,2
4,48,1,1,4844,1,5,3,4,3,2,2,33,1,3,1,1,2,2,1,2
3,21,1,2,2923,3,3,1,2,3,1,2,28,1,2,1,1,2,2,1,1
1,36,1,3,8229,1,3,2,4,3,2,1,26,2,2,1,2,1,2,2,2
4,24,4,6,2028,1,4,2,4,3,2,1,30,2,2,2,1,1,2,4,1
1,15,4,6,1433,1,3,4,2,3,3,1,25,2,3,2,1,1,2,2,1
3,42,2,1,6289,1,2,2,1,3,1,1,33,2,2,2,1,1,2,2,1
4,13,1,8,1409,3,5,2,2,3,4,3,64,2,2,1,1,1,2,2,1
1,24,1,3,6579,1,5,4,4,3,2,4,29,2,1,1,1,2,2,1,1
2,24,4,8,1743,1,1,4,4,3,2,1,48,2,2,2,1,1,2,4,1
4,12,4,5,3565,5,2,2,4,3,1,1,37,2,2,2,2,1,2,4,1
4,15,3,8,1569,3,1,4,4,3,4,2,34,1,2,1,2,1,2,4,1
1,18,1,8,1936,5,4,2,3,3,4,2,23,2,3,2,1,1,2,4,1
1,36,1,6,3959,1,5,4,4,3,3,1,30,2,2,1,1,2,2,1,1
4,12,1,2,2390,5,1,4,4,3,3,2,50,2,2,1,1,2,2,2,1
4,12,1,6,1736,1,4,3,2,3,4,3,31,2,2,1,1,1,2,4,1
1,30,1,3,3857,1,3,4,1,3,4,1,40,2,2,1,1,2,2,1,1
4,12,1,8,804,1,1,4,4,3,4,2,38,2,2,1,1,1,2,2,1
1,45,1,8,1845,1,3,4,4,3,4,4,23,2,1,1,1,2,2,2,2
2,45,4,3,4576,3,5,3,4,3,4,2,27,2,2,1,1,1,2,2,1
